86,32,38,45,39,5,84,a
86,18,49,44,40,2,87,a
86,28,46,43,40,0,89,a
86,30,47,42,40,2,87,a
86,20,51,42,41,0,88,a
86,33,45,42,41,5,84,a
86,19,53,42,40,1,87,a
86,34,42,42,41,4,85,a
86,8,50,41,41,1,88,a
86,30,35,42,41,4,85,a
86,14,47,42,41,1,87,a
86,26,37,42,41,4,84,a
86,28,44,42,42,2,87,a
86,16,44,42,42,4,85,a
86,33,42,43,42,2,87,a
86,13,48,42,42,4,85,a
87,38,43,43,42,6,83,a
85,0,53,43,41,4,85,a
87,30,39,43,41,8,81,a
87,4,51,43,40,7,82,a
87,26,40,43,40,5,84,a
87,22,52,45,40,7,82,a
87,17,45,44,40,8,81,a
88,34,50,45,40,7,82,a
88,16,52,45,41,6,83,a
87,41,47,46,42,8,81,a
88,3,54,46,41,3,86,a
88,35,46,47,41,6,83,a
88,8,56,47,41,3,85,a
88,31,38,47,41,5,83,a
88,25,52,47,40,5,84,a
88,22,41,46,40,5,84,a
88,35,52,43,41,0,88,a
88,18,48,42,41,1,87,a
88,40,49,42,41,1,88,a
88,6,54,42,41,2,87,a
88,35,47,41,41,0,89,a
88,6,55,41,41,0,87,a
88,31,43,41,41,0,84,a
88,19,51,40,41,1,85,a
88,19,35,40,40,1,87,a
88,31,48,40,40,0,87,a
88,15,36,40,40,0,87,a
88,37,46,40,40,1,87,a
88,10,44,40,39,1,87,a
89,34,42,39,39,2,87,a
89,4,48,39,39,2,86,a
89,30,41,40,39,2,87,a
89,18,51,41,38,4,85,a
89,21,38,42,38,2,87,a
88,31,49,44,39,1,88,a
88,17,36,44,39,4,85,a
89,38,48,44,41,3,86,a
88,16,40,45,41,5,84,a
89,36,44,46,41,4,85,a
89,6,46,45,41,3,86,a
89,34,42,46,41,4,85,a
89,17,49,46,41,4,85,a
89,25,42,46,42,4,85,a
89,33,52,46,41,0,88,a
89,19,36,46,40,2,87,a
89,38,50,44,38,2,86,a
88,19,39,42,38,0,87,a
87,38,48,42,41,0,89,a
87,7,40,42,40,-1,88,a
87,34,42,41,41,0,88,a
87,15,46,41,41,-1,88,a
87,26,40,41,41,0,88,a
87,30,48,41,41,0,88,a
87,18,41,41,41,-1,87,a
88,37,49,40,41,0,86,a
88,18,34,41,40,-1,86,a
88,38,48,39,41,0,86,a
88,7,37,40,40,2,84,a
89,33,47,40,40,-2,87,a
89,15,45,41,40,1,86,a
89,28,42,42,39,-1,88,a
89,30,49,42,39,6,82,a
89,20,43,43,38,2,84,a
89,36,53,44,38,3,84,a
90,21,39,43,38,3,85,a
89,38,52,44,38,1,87,a
90,9,38,44,38,4,84,a
90,34,49,44,38,2,84,a
90,15,39,44,39,2,86,a
90,30,45,45,39,1,87,a
90,30,46,44,39,2,86,a
89,22,41,44,39,0,88,a
89,38,48,44,39,1,88,a
89,21,40,45,39,2,86,a
88,41,51,44,39,3,86,a
88,9,34,43,41,-2,87,a
88,35,49,43,42,0,88,a
87,15,36,42,42,0,88,a
87,31,48,43,42,-3,86,a
87,30,43,42,42,-1,88,a
86,22,44,42,42,-2,86,a
86,36,49,42,41,0,86,a
86,20,44,42,40,-1,87,a
86,41,51,41,40,0,87,a
86,9,44,41,40,0,88,a
87,36,52,41,41,0,88,a
87,15,37,41,40,0,87,a
87,33,49,41,40,-1,87,a
87,29,38,41,41,0,87,a
88,24,46,41,40,0,87,a
88,37,44,42,40,1,87,a
88,23,43,42,40,0,85,a
89,41,48,42,40,3,85,a
90,11,43,42,40,2,85,a
90,36,52,43,40,2,86,a
90,14,39,45,40,2,83,a
90,33,52,46,39,2,85,a
90,27,38,46,40,2,86,a
90,25,50,46,39,1,85,a
90,37,41,46,40,4,83,a
89,24,48,45,40,0,88,a
88,41,47,46,40,0,89,a
87,16,42,44,40,0,85,a
86,37,50,45,40,0,89,a
86,16,42,45,40,4,85,a
86,34,51,45,40,-4,85,a
86,27,35,44,40,0,87,a
86,27,48,44,41,0,89,a
86,37,36,44,41,-1,88,a
86,24,46,44,41,-1,87,a
86,41,42,44,41,-2,87,a
87,19,45,43,40,1,87,a
87,37,49,44,40,-1,87,a
88,15,44,43,39,2,85,a
88,34,51,44,40,2,86,a
88,25,44,44,40,3,84,a
88,26,52,45,40,3,83,a
88,36,37,46,40,1,85,a
88,22,52,48,40,8,79,a
88,40,40,48,40,4,82,a
88,20,50,49,40,5,80,a
88,37,46,50,40,5,82,a
87,13,47,48,39,5,81,a
86,33,51,48,40,3,83,a
82,19,45,45,38,4,82,a
85,26,53,46,41,1,82,a
85,34,43,46,41,2,85,a
85,23,52,46,42,0,83,a
82,38,37,44,40,-3,84,a
83,24,49,43,42,1,88,a
84,38,41,44,42,0,86,a
84,13,48,44,42,0,87,a
79,33,46,42,40,0,89,a
84,21,43,43,41,0,88,a
80,80,92,88,84,4,75,b
80,69,92,88,85,3,74,b
80,77,91,88,84,3,74,b
80,84,92,88,84,4,75,b
80,73,92,89,84,5,74,b
80,89,91,88,85,5,75,b
80,72,93,89,84,4,74,b
80,89,91,88,84,4,74,b
80,61,91,88,85,3,75,b
81,86,92,88,84,3,75,b
81,68,92,88,85,4,76,b
80,80,92,88,84,3,74,b
81,83,92,88,85,5,74,b
80,74,91,88,85,4,75,b
79,89,92,88,84,3,74,b
78,72,91,88,84,3,74,b
78,90,92,88,84,4,75,b
78,60,91,89,84,3,74,b
78,87,91,88,85,3,74,b
78,65,91,88,85,4,74,b
79,82,91,89,84,3,74,b
79,81,92,88,84,3,74,b
79,74,92,88,84,3,74,b
79,88,91,88,84,4,74,b
78,72,91,88,84,3,73,b
78,91,91,88,85,4,75,b
78,58,91,88,84,3,74,b
78,87,91,88,84,3,74,b
77,64,92,88,84,4,73,b
76,84,91,88,84,3,74,b
76,77,91,88,84,3,74,b
76,75,91,88,84,4,74,b
77,87,92,88,85,3,74,b
76,73,91,88,84,4,75,b
76,92,91,88,84,3,74,b
76,60,91,88,84,4,74,b
75,88,91,88,84,3,75,b
75,63,91,88,84,2,74,b
75,85,92,89,85,3,74,b
76,76,92,88,84,3,74,b
78,77,92,88,84,2,74,b
78,87,91,88,84,5,74,b
78,73,91,88,84,5,74,b
79,91,91,88,84,3,74,b
79,63,91,88,84,5,74,b
82,89,91,88,84,4,73,b
81,61,92,88,84,4,74,b
81,86,91,88,84,4,75,b
81,73,92,88,84,4,74,b
81,77,92,88,84,5,73,b
80,85,91,88,84,5,74,b
80,72,91,88,84,5,75,b
80,90,92,88,85,5,75,b
80,71,92,88,84,5,74,b
80,90,92,88,84,5,73,b
79,61,92,88,84,4,74,b
79,86,92,87,84,4,74,b
79,69,91,88,84,3,75,b
78,78,91,88,84,4,75,b
78,82,92,88,84,4,74,b
78,73,91,88,84,5,73,b
78,89,92,88,84,4,75,b
78,73,92,88,84,4,74,b
78,90,91,88,84,4,75,b
77,60,91,88,84,4,74,b
77,86,91,88,84,2,73,b
77,66,92,88,84,4,74,b
76,82,91,88,84,3,74,b
77,81,91,88,84,4,73,b
76,73,91,88,84,5,75,b
76,88,91,88,84,4,76,b
77,71,91,88,84,4,75,b
76,90,92,88,84,4,74,b
77,57,92,88,84,4,74,b
78,87,91,88,84,3,74,b
77,65,90,88,84,3,75,b
78,83,91,88,84,4,75,b
78,80,91,88,84,5,74,b
78,75,92,88,84,4,74,b
78,88,91,88,84,3,76,b
77,72,91,88,84,3,76,b
76,92,91,88,84,3,74,b
75,59,91,88,84,4,74,b
75,87,91,88,84,4,75,b
75,63,91,88,84,3,75,b
76,85,91,88,84,2,74,b
77,74,92,88,84,3,74,b
76,76,91,88,84,3,74,b
77,86,91,88,84,4,73,b
77,73,90,88,84,3,74,b
77,92,91,88,84,4,74,b
77,63,91,88,84,4,74,b
77,88,91,88,84,2,75,b
77,62,91,88,84,3,74,b
76,84,92,88,84,1,74,b
76,74,91,88,84,3,74,b
76,77,91,88,84,3,73,b
77,86,91,88,84,3,72,b
77,73,91,88,84,2,72,b
77,91,91,88,84,3,73,b
76,67,91,88,84,3,73,b
77,89,91,89,84,3,73,b
77,61,91,89,84,1,74,b
76,86,91,88,84,3,74,b
76,71,91,88,84,2,73,b
76,78,91,88,84,3,73,b
76,84,92,88,84,3,74,b
76,73,91,88,84,2,72,b
76,89,91,88,84,1,72,b
76,74,91,88,84,2,73,b
77,90,91,89,84,3,72,b
77,60,91,88,84,2,73,b
76,86,91,88,84,2,73,b
77,67,91,88,84,3,73,b
76,81,91,88,84,2,73,b
76,80,91,88,84,1,73,b
79,73,91,88,84,2,73,b
77,88,91,88,84,1,73,b
77,72,91,88,84,3,73,b
77,91,91,88,84,3,74,b
78,59,91,88,84,3,74,b
77,87,91,88,84,2,73,b
78,64,91,88,84,3,73,b
79,83,91,88,84,2,74,b
80,81,91,88,84,1,74,b
80,74,91,87,84,1,73,b
80,88,91,88,84,1,73,b
80,71,91,88,84,3,74,b
80,91,91,88,85,4,74,b
80,56,91,88,84,4,74,b
80,86,91,88,84,3,73,b
80,63,91,88,84,1,76,b
79,84,91,88,84,3,74,b
79,78,91,88,84,2,72,b
79,75,91,88,84,2,73,b
79,86,92,88,84,2,73,b
79,73,92,88,84,0,71,b
78,92,92,89,84,0,74,b
78,62,91,88,84,1,74,b
78,88,92,88,84,3,72,b
79,63,91,88,84,5,71,b
78,86,92,88,84,4,72,b
78,75,90,88,84,5,73,b
79,77,91,88,84,6,74,b
76,82,86,85,81,7,72,b
79,73,91,88,84,5,69,b
79,91,91,88,84,4,69,b
75,63,86,84,80,4,69,b
78,88,90,87,83,5,68,b
79,61,91,88,84,5,70,b
82,32,55,58,61,0,83,c
83,45,57,59,61,0,84,c
83,45,58,59,61,0,83,c
83,38,57,59,61,0,84,c
83,51,59,59,62,0,84,c
82,36,57,58,61,0,83,c
82,55,59,58,62,1,81,c
82,24,55,59,61,2,80,c
83,51,59,59,61,-1,81,c
83,30,56,58,61,0,76,c
83,48,60,59,61,1,75,c
83,42,58,59,61,0,77,c
83,40,58,59,62,3,78,c
83,52,61,59,63,-1,82,c
83,39,60,60,63,0,83,c
83,58,61,60,64,0,83,c
83,27,59,60,65,0,84,c
83,55,62,60,66,0,87,c
83,33,57,60,66,-1,87,c
83,52,62,60,67,0,87,c
83,40,60,60,67,0,88,c
83,45,59,60,67,1,88,c
83,52,62,60,67,0,87,c
83,42,59,60,68,0,85,c
84,56,63,60,68,-2,84,c
84,38,57,60,68,0,87,c
84,55,63,60,67,-4,82,c
84,32,57,60,67,-2,80,c
84,54,61,59,67,-2,79,c
84,39,59,59,67,-4,79,c
84,47,60,58,67,-5,80,c
84,50,61,58,68,-3,83,c
84,41,59,57,67,-4,82,c
84,52,61,57,68,-5,81,c
84,40,57,56,67,-4,82,c
83,54,60,56,67,-2,84,c
84,28,54,55,65,-2,84,c
83,52,59,55,65,-2,84,c
83,34,54,54,64,-2,85,c
83,49,57,54,64,-3,83,c
84,49,57,54,64,-2,85,c
84,43,54,54,65,0,89,c
84,55,58,54,65,1,88,c
84,42,53,54,65,-1,87,c
84,57,59,54,64,-1,88,c
84,29,50,54,64,0,87,c
84,52,57,54,64,0,85,c
83,35,50,53,63,0,86,c
84,50,55,53,63,0,85,c
84,47,54,54,63,0,84,c
83,44,53,54,63,-2,83,c
83,53,57,54,63,-1,83,c
83,42,52,53,62,-4,81,c
84,56,59,54,63,-5,80,c
83,33,50,54,62,-5,82,c
83,54,57,54,64,0,89,c
83,35,52,54,65,-7,81,c
83,51,57,55,65,-6,82,c
83,44,54,55,67,-5,83,c
83,45,55,55,68,-4,85,c
83,53,56,55,69,-5,83,c
83,44,52,55,69,-2,86,c
83,56,58,55,69,-1,86,c
83,40,51,54,69,-5,82,c
83,53,57,55,68,-5,81,c
84,31,49,55,69,3,86,c
84,51,55,55,69,0,88,c
84,41,51,55,69,5,84,c
84,46,53,54,68,0,87,c
84,51,55,55,68,0,89,c
84,42,53,55,68,2,85,c
84,52,57,54,68,4,85,c
84,40,52,54,68,0,86,c
84,50,57,55,68,1,86,c
84,28,48,54,69,1,88,c
83,47,56,54,69,0,87,c
84,33,50,54,69,0,86,c
83,44,54,55,69,-1,84,c
84,45,55,54,69,-2,84,c
84,39,51,55,69,-4,81,c
84,52,57,54,68,-2,81,c
84,40,52,54,68,-4,79,c
84,52,57,54,68,-4,80,c
85,30,48,54,68,-5,78,c
84,50,56,54,69,-9,76,c
85,28,48,53,68,-1,82,c
84,47,55,54,68,-1,83,c
84,45,54,54,67,0,79,c
85,42,53,54,66,0,79,c
84,51,57,54,66,0,79,c
84,41,52,54,66,0,79,c
85,53,59,54,67,2,81,c
84,32,49,54,67,1,84,c
84,50,58,54,67,4,83,c
84,34,49,54,67,2,85,c
84,50,57,55,67,4,85,c
84,43,55,55,67,5,84,c
84,44,55,54,67,9,80,c
84,51,58,55,67,11,78,c
85,42,53,55,68,10,78,c
85,53,60,54,68,9,79,c
84,36,51,54,67,10,78,c
84,52,58,54,68,6,79,c
84,32,50,54,67,5,77,c
84,49,57,54,68,1,77,c
84,40,53,55,68,4,80,c
84,44,54,55,68,2,82,c
84,48,57,55,68,3,81,c
84,41,53,54,68,0,81,c
85,52,59,55,68,1,82,c
85,40,53,56,68,0,83,c
85,52,59,55,68,-1,82,c
85,31,50,55,68,1,83,c
85,50,57,55,68,0,85,c
85,36,51,55,68,2,85,c
85,46,55,55,68,1,86,c
85,48,56,55,68,2,82,c
85,42,53,55,68,3,82,c
87,53,59,57,70,6,80,c
89,43,56,57,70,4,80,c
88,55,61,57,70,4,78,c
88,32,50,57,70,3,78,c
88,52,60,58,70,7,75,c
88,38,53,58,70,8,73,c
88,51,59,58,70,7,71,c
88,49,58,58,71,8,71,c
88,44,56,58,70,3,77,c
88,53,61,58,71,9,75,c
88,43,56,57,71,6,75,c
88,56,62,57,70,7,73,c
88,32,52,58,69,4,79,c
87,52,61,58,69,7,81,c
88,36,52,58,67,4,81,c
84,49,58,56,65,4,81,c
85,44,55,56,64,5,81,c
85,44,54,55,63,4,81,c
84,51,58,55,63,4,81,c
85,42,54,55,62,1,82,c
85,53,60,55,62,7,82,c
85,35,49,55,62,0,83,c
87,52,61,57,63,2,81,c
88,35,52,56,63,2,82,c
87,51,60,56,63,2,83,c
87,42,55,56,62,3,83,c
87,45,56,55,62,7,80,c
87,51,60,55,62,6,79,c
87,44,56,55,62,5,80,c
85,52,60,54,60,8,79,c
87,42,55,55,61,5,82,c
87,54,61,56,62,5,82,c
74,87,58,58,62,11,78,d
74,78,52,57,61,14,75,d
74,88,59,57,61,17,72,d
74,70,47,56,60,17,72,d
74,86,58,57,61,16,72,d
75,74,49,57,62,11,78,d
76,85,57,57,64,13,76,d
76,83,56,58,66,12,77,d
75,81,53,56,65,10,79,d
76,87,59,55,60,9,80,d
76,79,51,52,55,6,83,d
75,89,59,52,53,10,79,d
75,73,45,51,50,8,81,d
75,86,57,50,47,6,83,d
75,74,46,50,46,8,81,d
75,85,54,51,47,10,79,d
75,81,51,52,50,8,81,d
75,81,51,53,54,11,78,d
75,86,57,55,59,11,78,d
75,80,51,55,60,11,78,d
76,89,60,55,60,11,78,d
75,76,49,55,61,10,78,d
75,86,58,54,60,12,77,d
75,74,47,53,58,11,77,d
75,86,55,51,55,12,77,d
74,79,48,50,50,10,79,d
74,82,48,46,46,8,81,d
74,85,51,45,44,7,81,d
73,79,45,45,45,8,80,d
73,87,53,46,47,9,80,d
74,80,47,47,48,10,79,d
74,87,54,47,51,10,78,d
74,73,43,48,52,13,76,d
75,86,54,49,52,11,78,d
76,76,47,50,53,11,78,d
75,84,52,50,53,12,77,d
76,84,53,50,54,13,75,d
76,80,49,51,55,13,76,d
75,87,56,51,56,12,77,d
74,79,49,51,56,11,78,d
75,88,56,52,57,10,79,d
74,72,44,51,57,9,80,d
74,86,56,52,57,9,80,d
75,75,47,52,57,8,80,d
75,84,54,52,57,10,79,d
77,83,54,53,58,11,78,d
77,80,52,53,60,10,79,d
78,87,58,54,61,11,78,d
78,80,51,55,61,11,78,d
77,88,60,55,61,14,75,d
77,72,46,55,61,12,77,d
77,87,59,55,63,13,76,d
77,73,48,55,64,10,78,d
76,85,57,56,65,12,77,d
76,81,53,56,66,13,76,d
76,81,53,56,66,11,77,d
76,86,57,56,65,8,80,d
76,79,52,55,62,9,78,d
76,88,59,54,60,6,81,d
76,76,49,54,60,7,82,d
76,87,58,54,60,7,82,d
77,73,46,53,59,9,79,d
77,86,56,53,58,12,76,d
77,79,51,53,58,11,78,d
77,81,52,53,58,6,83,d
78,85,56,53,58,3,85,d
78,80,51,53,59,4,85,d
77,87,58,53,60,11,78,d
78,79,52,54,61,13,76,d
77,88,59,56,63,13,76,d
76,73,49,57,66,15,73,d
75,85,59,59,68,13,76,d
75,76,53,60,69,15,74,d
75,83,57,60,69,14,75,d
76,84,57,59,67,11,78,d
77,79,53,56,62,13,75,d
78,87,57,54,59,14,74,d
78,79,50,52,57,15,73,d
79,88,58,53,56,12,75,d
78,71,46,53,56,15,74,d
79,86,57,54,59,16,73,d
78,74,49,55,62,18,71,d
77,82,55,56,63,15,74,d
77,81,56,57,65,17,72,d
76,77,54,57,65,16,72,d
77,85,60,58,65,17,72,d
79,78,56,60,67,13,75,d
80,90,64,60,67,13,75,d
80,72,52,60,66,11,77,d
81,87,62,59,65,10,78,d
83,75,54,59,64,12,76,d
83,87,60,58,63,12,76,d
84,83,58,58,63,17,72,d
84,82,57,58,63,17,72,d
84,87,62,58,63,20,68,d
84,80,56,58,63,23,66,d
84,90,64,59,63,23,66,d
83,75,53,58,63,21,68,d
82,88,63,59,63,19,70,d
83,74,54,59,63,19,70,d
82,87,61,59,63,19,70,d
83,81,57,59,63,18,71,d
82,82,57,59,63,11,78,d
83,87,61,59,63,16,73,d
82,80,56,59,63,13,76,d
82,88,62,58,61,15,74,d
81,76,52,56,58,12,77,d
80,85,57,54,56,12,77,d
81,70,48,54,56,7,82,d
83,85,57,54,56,7,82,d
84,77,53,57,57,7,82,d
84,83,56,57,58,8,81,d
84,85,59,57,59,10,78,d
83,79,54,58,59,10,79,d
84,88,61,58,60,17,72,d
82,80,55,57,60,14,75,d
83,89,62,57,60,18,71,d
82,72,51,58,60,18,71,d
82,87,60,58,61,17,72,d
82,76,54,58,60,16,73,d
80,82,57,56,58,16,73,d
80,82,58,57,60,16,73,d
80,79,56,59,63,15,73,d
81,88,63,61,66,17,72,d
81,79,58,61,67,17,72,d
81,90,65,62,67,17,72,d
81,71,54,62,66,17,72,d
80,86,62,60,60,14,75,d
81,74,55,59,59,20,69,d
80,85,61,58,57,13,76,d
81,83,59,57,57,11,78,d
80,81,56,57,57,9,80,d
76,83,58,54,54,10,79,d
75,73,54,54,56,7,81,d
80,90,63,55,58,14,75,d
80,72,52,55,58,11,77,d
81,88,62,54,58,13,75,d
81,74,54,54,58,12,77,d
81,87,61,54,58,14,75,d
80,82,57,54,58,17,72,d
81,82,57,54,59,15,74,d
81,87,62,55,61,16,73,d
80,79,57,57,62,15,74,d
79,88,62,56,62,17,72,d
78,72,52,57,63,14,75,d
80,87,62,59,66,13,76,d
79,71,53,58,65,10,79,d
80,86,62,59,66,9,80,d
81,79,58,59,67,7,82,d
81,82,59,59,67,7,81,d
66,24,41,36,36,5,82,e
66,24,42,37,36,4,81,e
66,19,38,37,36,3,83,e
66,27,44,37,36,2,86,e
66,18,37,37,37,2,84,e
66,30,45,37,36,1,86,e
67,11,32,37,36,1,87,e
67,28,44,37,37,0,89,e
66,15,35,37,37,0,86,e
66,26,43,37,37,-3,85,e
66,22,39,37,37,-3,86,e
66,21,40,38,37,-4,84,e
67,27,43,38,38,-3,86,e
67,19,38,37,37,-6,83,e
66,30,45,38,38,-2,86,e
67,17,35,37,37,-5,84,e
67,28,44,37,37,-4,84,e
67,13,34,37,38,-5,83,e
67,26,43,37,38,0,85,e
68,18,36,37,38,-3,86,e
67,23,41,38,37,0,88,e
68,25,42,38,37,-2,86,e
68,20,39,38,38,0,86,e
68,29,45,38,38,-2,84,e
68,20,39,37,38,0,84,e
68,29,45,38,38,0,85,e
68,12,34,37,38,-2,85,e
68,27,44,38,38,-4,84,e
68,16,36,37,38,-6,82,e
67,25,43,38,38,-7,82,e
68,25,42,37,38,-8,81,e
67,21,40,37,38,-6,83,e
67,28,44,37,38,-5,84,e
67,21,39,37,39,-3,86,e
67,31,46,38,39,2,87,e
67,13,34,37,39,0,89,e
67,28,44,37,38,0,89,e
67,15,36,36,38,4,84,e
67,27,43,38,38,2,83,e
67,23,40,37,37,0,82,e
67,23,40,37,37,0,82,e
68,28,44,37,37,-1,84,e
68,21,40,37,38,0,83,e
69,31,46,38,38,0,83,e
68,18,38,37,38,0,85,e
68,30,46,38,38,1,84,e
69,16,36,39,38,2,84,e
69,28,45,39,38,2,85,e
69,21,39,39,38,2,86,e
69,25,43,39,39,2,87,e
68,28,44,40,38,2,84,e
68,23,40,39,40,0,81,e
68,31,46,39,40,0,81,e
68,22,41,40,40,-2,80,e
68,32,47,40,40,0,81,e
68,16,35,39,40,-2,79,e
68,29,44,39,40,-2,80,e
68,19,36,39,39,-1,80,e
69,28,43,38,38,-2,80,e
69,27,43,37,37,0,85,e
69,23,40,38,37,0,87,e
69,30,45,37,37,1,87,e
69,23,40,37,37,0,89,e
70,33,46,37,37,3,86,e
70,15,35,37,37,0,88,e
71,29,45,38,38,1,86,e
72,16,37,37,37,0,81,e
72,27,44,38,38,0,80,e
72,24,41,37,37,0,82,e
72,24,41,37,37,0,81,e
73,30,44,38,37,-3,81,e
72,22,40,37,37,-1,83,e
73,33,46,37,36,-1,83,e
72,20,37,37,36,-3,84,e
72,30,45,37,37,0,85,e
72,17,35,36,37,-1,86,e
72,30,44,38,37,0,87,e
72,20,39,38,37,-1,86,e
71,26,42,38,38,0,85,e
71,28,44,38,38,0,85,e
71,22,40,39,38,-2,84,e
71,30,46,38,38,-1,82,e
71,21,40,38,39,-2,82,e
72,30,47,38,38,-1,85,e
72,13,35,38,38,-2,82,e
72,28,45,38,37,0,81,e
72,18,37,37,37,-2,80,e
72,27,44,38,36,-1,79,e
69,27,43,38,36,-3,82,e
68,23,40,37,36,-1,82,e
68,30,46,37,36,-1,83,e
68,22,40,37,36,-2,84,e
68,33,48,37,36,0,84,e
68,15,36,37,36,-2,86,e
68,30,46,38,37,-2,87,e
70,17,37,38,37,0,89,e
69,28,44,38,38,0,87,e
69,24,42,38,38,-1,85,e
69,24,42,38,39,-1,86,e
69,29,46,38,39,0,86,e
69,22,41,39,39,0,86,e
70,33,48,38,39,-3,84,e
69,19,38,38,39,-2,84,e
69,32,46,38,39,-4,85,e
70,16,36,38,39,-3,83,e
70,29,45,38,39,-1,83,e
70,20,39,38,38,-2,83,e
69,25,42,38,38,-2,83,e
70,28,44,38,38,-5,82,e
70,23,40,38,38,-5,83,e
69,31,46,38,38,-6,82,e
68,22,40,38,38,-2,85,e
68,32,47,38,38,-4,83,e
67,15,34,38,38,-1,88,e
68,29,45,38,37,-1,85,e
68,18,37,37,37,-3,85,e
69,28,43,37,36,0,85,e
69,26,43,37,36,-2,83,e
69,23,40,37,37,-3,84,e
70,30,46,37,37,-3,82,e
70,23,40,37,36,-4,82,e
70,33,47,38,37,-4,81,e
70,16,35,37,36,-4,81,e
70,30,45,37,37,-4,81,e
71,18,37,38,37,-4,82,e
71,29,45,39,37,-4,81,e
70,25,41,39,38,-7,80,e
70,25,42,39,38,0,83,e
69,31,45,39,38,-3,81,e
69,24,40,39,38,-2,82,e
68,34,48,39,37,-4,82,e
69,21,38,38,37,-1,85,e
68,31,47,38,37,-2,83,e
68,17,35,37,37,-3,83,e
69,30,45,38,38,-3,83,e
69,21,38,37,37,1,86,e
69,26,42,38,36,-3,84,e
69,28,44,38,37,-3,83,e
68,23,39,37,36,-8,77,e
69,31,46,38,36,-2,81,e
68,22,39,37,37,-3,81,e
68,31,46,38,37,-4,80,e
68,15,35,37,37,-9,77,e
68,30,45,38,38,0,83,e
68,18,37,38,38,-6,80,e
68,28,44,38,38,-4,80,e
68,27,43,38,38,-8,78,e
68,23,41,38,39,-1,83,e
68,31,46,38,38,-4,82,e
69,23,40,38,37,-1,84,e
84,33,87,86,84,-1,81,f
84,50,88,86,84,0,82,f
84,28,87,85,84,0,82,f
83,50,88,86,85,0,84,f
83,25,86,86,85,-4,82,f
83,47,89,86,85,-3,81,f
84,27,87,86,85,-2,81,f
83,31,88,86,85,-5,80,f
84,29,88,86,85,-5,78,f
83,26,88,86,85,-4,80,f
84,37,89,85,85,-7,78,f
83,26,88,86,85,-4,79,f
84,49,90,86,85,-5,76,f
84,24,86,85,85,0,78,f
84,46,88,86,85,-5,79,f
84,24,85,86,85,-4,79,f
83,44,89,86,85,-4,79,f
84,35,87,86,85,-5,76,f
83,38,88,86,85,-7,75,f
84,43,89,86,86,-4,76,f
83,35,87,86,85,1,80,f
83,48,89,86,85,0,78,f
84,34,87,86,85,-1,76,f
83,48,90,86,85,0,76,f
84,24,84,86,85,0,77,f
84,46,89,86,85,0,79,f
84,29,86,86,85,-2,78,f
84,42,89,86,85,-4,80,f
84,38,88,86,85,-5,79,f
84,37,87,86,85,-6,80,f
84,47,89,86,85,-5,81,f
84,36,87,86,85,-3,82,f
84,50,90,86,86,-4,81,f
83,30,85,86,85,-4,83,f
83,48,90,86,85,-6,81,f
84,29,85,86,85,-6,81,f
84,47,88,86,86,-9,79,f
84,33,86,86,86,-9,79,f
84,43,88,86,85,-16,71,f
84,43,88,86,86,-12,76,f
84,37,87,85,85,-13,75,f
84,49,89,86,85,-14,75,f
84,36,87,86,85,-14,74,f
84,52,90,86,85,-12,77,f
83,27,84,85,86,-16,72,f
83,49,89,86,85,-13,75,f
84,29,86,86,85,-11,78,f
84,47,89,86,85,-15,74,f
84,38,87,86,86,-15,73,f
84,40,88,86,85,-9,79,f
84,46,89,86,86,-7,82,f
84,36,87,86,86,-7,81,f
84,50,89,86,86,-4,83,f
84,36,87,86,85,-3,83,f
84,50,89,86,85,-5,82,f
83,25,85,86,85,2,86,f
84,48,89,86,86,-1,85,f
84,30,86,86,85,-2,84,f
84,45,88,86,85,-3,83,f
84,42,88,86,85,-2,84,f
83,38,87,86,86,-4,82,f
84,48,89,86,86,-3,84,f
83,36,88,86,85,-3,84,f
83,54,89,86,86,-5,83,f
83,30,89,86,85,-5,83,f
83,52,89,86,85,-6,81,f
83,27,89,86,85,-5,83,f
83,50,89,86,85,-8,80,f
83,31,89,87,86,-7,80,f
83,44,89,86,85,-8,80,f
83,43,89,86,86,-9,79,f
83,36,89,86,86,-8,80,f
83,48,90,86,85,-9,80,f
83,34,89,86,86,-11,78,f
83,53,89,86,86,-13,75,f
84,22,89,86,85,-14,74,f
83,48,89,86,86,-14,74,f
83,25,89,86,86,-15,73,f
83,48,89,86,86,-7,82,f
84,37,89,86,86,-13,75,f
84,45,89,86,86,-8,79,f
84,51,89,86,86,-9,79,f
84,40,89,86,86,-1,88,f
84,53,89,86,86,-9,79,f
84,38,89,86,86,-3,84,f
84,55,90,87,86,-1,85,f
84,30,89,87,86,1,86,f
84,54,89,87,86,0,85,f
84,34,89,87,86,-1,84,f
84,50,89,87,86,0,84,f
84,46,89,86,86,1,84,f
84,43,89,86,86,2,83,f
84,52,89,87,86,0,83,f
84,40,89,87,87,4,81,f
84,57,89,87,86,0,81,f
84,33,89,86,86,1,82,f
84,54,89,87,87,0,81,f
84,31,89,87,86,2,82,f
83,52,89,87,86,0,80,f
84,40,90,86,87,1,83,f
84,51,89,87,86,0,80,f
84,52,90,87,87,0,80,f
84,44,89,87,86,-4,81,f
84,57,89,86,87,-10,77,f
84,43,89,87,87,-11,75,f
83,61,89,87,87,-10,76,f
84,30,89,86,86,-11,76,f
84,57,89,87,87,-8,79,f
84,34,89,87,87,-8,79,f
83,56,90,87,86,-7,78,f
83,43,90,87,87,-7,78,f
83,47,89,87,87,-10,78,f
83,52,89,87,87,-2,86,f
83,42,89,87,87,-5,84,f
83,58,89,86,87,1,88,f
84,42,89,87,86,-5,82,f
84,59,88,86,87,-4,82,f
84,31,89,86,87,-4,83,f
83,56,89,86,87,-1,85,f
84,35,89,87,86,-3,84,f
83,52,89,86,87,0,85,f
83,48,89,86,87,-2,84,f
83,43,89,86,86,-1,87,f
81,51,87,84,84,0,87,f
81,39,87,84,85,-1,86,f
81,56,87,85,85,-3,85,f
81,34,88,85,85,-3,84,f
81,54,88,85,85,-2,87,f
81,33,88,85,86,-4,83,f
81,55,87,85,85,-2,85,f
82,37,88,86,85,-6,80,f
83,50,89,87,87,-1,83,f
82,50,90,86,87,-2,83,f
80,41,87,85,84,-2,80,f
81,57,88,86,86,-2,80,f
80,42,86,84,85,-4,77,f
83,62,89,86,87,-2,78,f
83,32,89,87,87,-3,78,f
82,58,89,86,86,-2,79,f
82,34,88,86,86,-3,79,f
81,55,88,85,85,-2,80,f
83,46,90,87,87,-2,80,f
82,49,88,85,85,0,82,f
82,55,90,86,87,-3,80,f
84,46,91,89,88,-1,80,f
83,60,90,86,86,-3,81,f
84,44,91,87,87,-2,83,f
84,62,91,88,88,-3,82,f
85,34,91,88,88,-3,80,f
85,60,91,89,88,0,82,f
81,81,42,48,41,65,24,g
81,84,51,48,40,66,23,g
81,78,34,48,41,65,23,g
81,84,48,48,41,65,23,g
80,79,38,47,41,64,24,g
80,83,46,46,42,66,23,g
80,82,46,46,42,65,24,g
80,80,42,46,42,66,23,g
81,84,48,46,42,66,23,g
80,79,44,46,42,67,22,g
81,85,50,47,43,67,22,g
81,75,42,45,42,68,21,g
81,84,48,46,42,66,23,g
81,78,44,47,41,67,22,g
81,83,48,48,42,67,22,g
81,80,46,48,42,67,22,g
80,81,45,49,41,66,23,g
80,82,48,50,42,66,23,g
80,80,45,50,42,65,23,g
80,84,50,51,42,66,23,g
80,77,44,51,43,65,24,g
80,84,50,51,44,66,22,g
80,80,41,51,44,64,24,g
80,84,49,52,45,64,24,g
80,81,44,52,46,65,23,g
80,82,46,52,46,65,23,g
80,84,50,51,45,65,24,g
81,81,43,50,43,65,24,g
81,85,52,50,44,66,23,g
81,80,39,48,43,67,22,g
81,85,51,48,43,65,24,g
81,79,35,47,43,67,22,g
80,84,48,47,43,64,25,g
81,81,40,47,43,65,24,g
81,82,44,48,43,65,24,g
81,83,47,49,43,66,23,g
81,81,43,49,43,65,23,g
81,84,50,50,43,66,23,g
81,81,42,50,43,67,22,g
81,84,51,50,44,65,23,g
81,79,36,51,44,65,23,g
80,84,50,51,44,65,24,g
81,81,40,52,44,66,22,g
81,84,47,51,44,66,23,g
81,84,48,52,44,67,22,g
81,83,43,52,45,66,23,g
81,85,52,52,45,65,23,g
81,82,42,51,44,65,23,g
81,85,52,51,45,67,22,g
81,79,36,51,44,66,22,g
82,85,51,51,44,67,21,g
82,80,40,51,44,65,23,g
82,84,48,51,44,66,23,g
82,83,48,51,44,65,23,g
82,82,44,51,44,67,22,g
82,85,51,52,44,66,23,g
82,82,43,51,44,66,22,g
82,86,53,51,42,67,22,g
82,79,35,50,42,65,23,g
81,85,50,50,41,64,25,g
80,80,37,49,41,65,24,g
80,83,48,48,41,64,25,g
80,82,45,48,41,66,23,g
80,82,43,48,40,65,24,g
79,83,49,47,41,66,23,g
79,82,42,46,41,68,21,g
79,84,52,46,41,67,22,g
79,78,34,45,42,68,21,g
78,84,49,45,41,68,21,g
79,79,36,45,42,67,22,g
78,83,48,45,42,68,21,g
79,82,42,46,42,66,23,g
79,82,44,45,42,64,25,g
79,84,48,47,41,65,24,g
79,81,42,47,41,66,23,g
79,85,51,47,40,66,23,g
78,79,38,48,40,66,23,g
79,84,50,48,40,67,21,g
78,79,37,49,41,67,21,g
78,84,50,49,41,67,22,g
78,80,42,49,41,67,21,g
78,82,45,50,42,66,22,g
78,84,49,50,42,65,24,g
78,81,43,50,43,64,24,g
78,85,52,50,43,64,24,g
78,80,42,49,43,63,25,g
77,84,51,51,44,61,27,g
77,79,38,49,44,62,26,g
78,84,50,50,44,64,24,g
77,80,41,50,43,65,23,g
77,83,46,49,44,68,20,g
77,84,47,48,44,64,25,g
78,81,43,48,44,67,22,g
78,84,51,48,44,66,23,g
77,81,43,48,44,64,25,g
78,85,51,48,44,64,25,g
78,77,36,48,44,64,25,g
78,85,50,49,45,66,22,g
78,79,39,50,45,67,21,g
78,83,48,50,45,62,26,g
78,83,47,49,45,63,25,g
78,81,44,50,44,62,26,g
76,84,51,50,44,64,24,g
77,80,43,49,43,67,22,g
77,85,50,48,43,66,22,g
77,76,35,48,43,62,26,g
77,84,49,47,43,64,24,g
78,78,38,48,43,64,24,g
78,83,47,47,43,65,23,g
78,83,46,48,43,65,24,g
79,80,43,49,43,66,22,g
79,85,50,49,43,64,25,g
79,81,43,49,43,64,25,g
79,86,53,50,43,62,27,g
79,77,36,50,43,64,25,g
79,84,50,51,43,65,24,g
79,78,39,52,43,62,27,g
79,84,50,52,44,64,25,g
78,82,47,52,45,62,27,g
78,82,46,53,46,64,24,g
77,84,51,53,46,63,25,g
77,80,45,53,47,65,24,g
76,85,53,53,47,60,28,g
77,77,39,53,48,64,24,g
77,84,52,52,46,63,24,g
77,77,39,50,45,64,24,g
77,83,49,49,43,64,24,g
78,80,44,49,42,64,25,g
78,82,44,48,43,62,27,g
78,85,48,48,43,62,26,g
78,80,43,48,42,62,27,g
78,86,51,48,43,62,27,g
78,79,39,48,42,63,26,g
78,84,50,47,42,62,27,g
78,77,36,48,42,61,27,g
78,84,48,49,42,60,29,g
79,80,42,50,43,62,27,g
78,82,45,50,43,60,29,g
79,84,48,51,44,61,27,g
79,82,44,52,44,60,29,g
79,85,51,52,45,63,26,g
78,81,42,52,45,60,28,g
78,85,52,52,45,60,29,g
78,77,38,52,45,60,28,g
78,85,51,53,45,60,29,g
78,79,42,52,46,61,28,g
77,83,48,53,46,65,23,g
79,83,50,54,46,63,25,g
79,80,45,54,46,65,23,g
79,84,52,54,47,64,23,g
75,86,90,50,44,80,9,h
75,79,90,50,41,79,10,h
75,83,90,51,43,78,11,h
75,82,90,51,43,79,10,h
75,80,90,50,42,81,8,h
75,84,90,51,43,83,6,h
75,79,90,50,41,83,6,h
75,86,90,50,44,83,6,h
75,77,90,50,39,82,7,h
75,86,91,51,44,81,8,h
75,79,90,49,39,80,9,h
75,84,90,50,43,79,10,h
75,81,91,50,42,81,8,h
75,80,91,49,42,80,9,h
75,83,91,49,43,81,8,h
75,79,90,50,42,82,7,h
75,86,90,50,44,81,8,h
75,76,90,49,40,80,9,h
75,86,90,49,44,80,9,h
74,78,90,49,39,79,10,h
75,85,90,50,43,77,12,h
76,81,91,50,41,77,11,h
75,82,91,50,42,77,11,h
75,83,90,50,42,77,10,h
75,79,90,50,41,79,8,h
75,85,91,51,43,80,8,h
75,76,90,50,40,79,10,h
74,86,91,50,42,76,12,h
75,77,90,50,39,74,14,h
75,85,90,51,43,73,14,h
75,79,90,51,41,71,15,h
75,82,90,50,42,72,14,h
75,82,91,51,42,75,10,h
74,79,90,51,42,75,9,h
75,84,91,51,43,77,9,h
74,77,90,51,41,77,10,h
75,86,91,51,43,76,11,h
75,76,91,51,39,75,11,h
75,86,90,51,43,75,13,h
75,79,90,51,41,75,12,h
75,83,90,51,43,75,12,h
75,81,90,51,42,76,11,h
75,80,90,50,41,77,10,h
75,83,91,50,42,79,8,h
75,79,90,49,41,80,8,h
75,86,90,50,42,82,7,h
75,76,90,49,39,81,7,h
75,85,90,49,42,80,9,h
75,78,90,49,42,78,10,h
75,85,90,49,42,79,10,h
75,80,90,49,42,80,8,h
75,80,90,48,42,80,8,h
75,83,91,48,42,80,8,h
74,78,90,48,43,80,8,h
75,86,91,48,42,79,9,h
75,75,90,47,42,79,10,h
73,85,90,47,42,78,11,h
74,77,90,48,42,76,13,h
74,85,91,47,43,75,13,h
75,80,90,47,43,75,12,h
75,82,91,47,42,73,14,h
75,82,91,48,43,75,12,h
75,79,90,47,42,77,11,h
75,85,91,48,43,77,11,h
74,76,91,46,41,76,12,h
75,86,90,48,43,74,14,h
74,77,90,47,41,73,15,h
75,86,90,48,43,75,13,h
75,79,91,47,42,78,10,h
74,83,90,48,42,78,9,h
74,82,90,48,43,78,9,h
74,79,90,48,43,77,11,h
75,85,90,50,43,78,10,h
74,78,90,49,42,77,11,h
74,85,90,50,44,78,11,h
74,77,90,50,42,79,10,h
74,85,91,51,44,76,12,h
74,79,90,50,42,76,13,h
74,83,90,50,44,74,13,h
74,81,91,50,43,76,12,h
74,80,90,51,43,77,11,h
74,84,90,51,44,77,12,h
74,80,90,51,43,76,12,h
74,86,90,51,44,76,13,h
73,75,88,49,41,73,16,h
74,85,90,50,44,73,16,h
74,78,90,50,42,72,17,h
74,84,90,50,44,74,15,h
74,81,90,51,44,75,14,h
74,81,90,50,43,75,14,h
74,83,90,51,44,74,15,h
74,79,90,51,44,74,15,h
74,86,91,51,43,74,14,h
73,75,90,51,43,76,13,h
74,85,90,52,44,78,11,h
74,78,90,51,42,79,10,h
74,85,90,52,44,79,10,h
74,81,90,52,44,78,11,h
73,81,90,52,43,77,12,h
74,83,90,52,43,76,13,h
73,80,90,53,44,76,12,h
74,85,91,50,44,77,12,h
73,76,90,52,43,78,11,h
74,86,90,52,44,77,11,h
74,78,90,52,42,78,11,h
74,85,90,52,44,77,12,h
73,80,90,52,43,75,14,h
74,83,90,52,44,76,13,h
74,82,90,52,44,76,13,h
74,80,90,52,43,76,13,h
74,84,90,52,44,75,14,h
73,79,89,52,43,76,13,h
73,85,89,52,44,76,13,h
74,77,88,52,42,76,13,h
73,85,87,52,44,76,13,h
74,79,90,52,42,77,12,h
74,84,91,52,44,77,12,h
74,82,90,52,44,76,13,h
74,80,90,52,44,77,12,h
74,83,90,52,45,76,13,h
74,79,91,52,43,77,12,h
73,86,89,52,45,77,12,h
73,75,89,52,42,76,13,h
73,86,90,52,44,77,12,h
74,78,89,52,43,77,12,h
74,85,90,52,44,78,11,h
73,82,91,52,44,77,12,h
74,81,91,51,44,77,12,h
74,83,91,52,44,77,12,h
73,79,90,52,43,77,12,h
74,85,91,52,44,78,11,h
73,76,90,52,43,77,12,h
74,86,90,52,45,78,11,h
74,78,90,52,42,78,11,h
74,85,91,52,44,78,11,h
73,80,90,51,43,78,11,h
74,82,90,53,44,77,12,h
74,83,91,51,44,77,12,h
74,79,90,52,43,77,12,h
73,85,90,53,45,78,11,h
73,77,90,52,44,78,11,h
73,86,91,53,45,77,12,h
73,77,91,52,44,78,11,h
73,85,90,53,44,78,11,h
73,80,90,52,45,77,12,h
74,82,90,53,45,78,11,h
73,82,90,53,45,78,11,h
73,80,90,52,45,78,11,h
74,84,91,53,46,78,11,h
73,79,90,53,45,79,10,h
87,41,51,63,88,0,88,i
86,49,60,63,88,3,86,i
86,45,56,63,89,1,88,i
86,46,56,64,88,2,87,i
86,49,60,64,88,3,86,i
86,45,56,64,89,2,87,i
85,52,64,65,88,2,87,i
85,46,56,64,88,4,84,i
85,55,65,65,89,2,81,i
85,43,53,65,89,2,78,i
84,54,66,66,89,2,77,i
85,45,58,67,89,4,78,i
84,54,64,67,88,2,81,i
84,51,64,67,89,2,80,i
84,49,63,67,89,-1,82,i
83,55,65,67,89,2,82,i
83,47,63,67,88,2,82,i
83,58,66,67,88,0,83,i
83,41,60,66,88,1,81,i
84,56,65,67,89,-1,84,i
84,38,59,67,88,1,84,i
84,54,65,66,88,0,83,i
84,42,62,67,88,2,86,i
84,49,63,66,89,3,86,i
84,49,65,67,89,1,88,i
84,44,63,66,89,1,87,i
84,53,65,67,89,0,89,i
84,42,63,67,89,3,86,i
85,57,65,66,88,2,86,i
85,33,61,66,88,4,85,i
85,55,65,67,89,0,88,i
84,37,60,67,89,2,87,i
84,53,65,65,88,4,84,i
83,44,64,64,89,-2,87,i
83,48,63,65,88,4,85,i
83,53,64,64,88,-2,87,i
83,50,60,64,88,0,89,i
83,56,67,65,88,1,88,i
83,48,57,65,87,0,89,i
83,55,66,65,87,0,88,i
83,44,54,65,87,0,87,i
83,54,66,65,87,-1,87,i
83,47,57,66,87,0,85,i
82,53,64,66,87,0,81,i
82,52,62,65,87,0,84,i
83,48,55,62,87,0,86,i
82,48,58,59,86,1,83,i
82,40,50,57,85,1,84,i
82,45,57,55,85,0,84,i
82,33,40,53,84,0,84,i
81,42,53,52,84,1,84,i
81,32,40,52,83,0,85,i
81,41,51,52,83,0,86,i
81,35,44,52,82,-1,85,i
81,38,47,51,82,0,85,i
81,40,51,52,83,0,83,i
81,38,47,54,85,0,84,i
82,43,54,57,87,1,83,i
82,38,47,58,87,1,84,i
82,44,57,59,88,0,84,i
82,33,42,60,88,0,84,i
83,44,56,61,88,1,85,i
84,36,46,61,88,1,84,i
84,44,55,62,88,1,84,i
84,42,53,63,88,0,86,i
84,43,54,63,88,0,85,i
84,49,59,62,88,0,83,i
84,45,55,62,88,2,83,i
84,51,63,63,88,1,83,i
84,44,52,63,86,1,85,i
84,51,62,62,87,0,84,i
83,40,46,59,85,-1,84,i
83,44,55,56,84,0,84,i
82,34,43,53,78,3,85,i
81,39,49,53,77,5,83,i
81,40,50,52,79,1,83,i
80,37,46,52,79,2,82,i
81,42,54,53,79,0,83,i
81,36,46,52,80,1,83,i
81,43,55,52,82,1,85,i
80,30,38,54,84,2,82,i
80,41,52,53,85,2,84,i
80,31,41,54,86,4,84,i
80,40,52,54,86,5,81,i
80,35,46,54,86,1,82,i
80,37,48,54,85,-2,81,i
80,40,51,54,85,3,78,i
80,37,47,54,86,-3,78,i
80,42,54,55,86,0,79,i
80,36,46,55,86,0,80,i
80,42,55,55,86,0,78,i
80,32,40,52,86,-1,80,i
80,39,53,54,86,0,78,i
80,34,42,55,86,-2,78,i
80,40,51,54,86,0,77,i
80,39,50,55,86,0,78,i
80,38,48,55,86,0,78,i
80,42,54,55,87,0,78,i
80,37,47,55,86,0,78,i
81,43,55,55,87,-1,78,i
82,32,42,55,87,0,78,i
83,41,54,56,87,-1,76,i
84,31,42,57,87,0,77,i
84,41,53,56,87,0,79,i
84,35,46,57,88,0,77,i
84,38,51,58,88,-1,79,i
84,40,51,58,88,0,77,i
84,37,48,58,88,0,78,i
83,42,56,58,88,0,78,i
83,36,48,58,88,0,79,i
83,43,56,58,88,-1,79,i
82,31,42,59,88,-2,78,i
82,42,56,59,88,-1,79,i
82,33,44,59,88,0,81,i
82,42,55,59,88,-1,80,i
82,39,51,60,88,0,81,i
82,40,51,59,89,1,82,i
82,43,55,59,88,-4,81,i
81,39,50,60,88,-4,82,i
82,44,57,59,88,-1,83,i
82,37,47,59,88,-3,83,i
82,44,57,60,88,1,82,i
82,34,44,60,88,-2,83,i
82,43,56,60,89,-3,82,i
82,36,46,59,88,0,87,i
82,41,54,59,88,-1,86,i
82,41,53,60,88,0,85,i
81,39,51,60,88,0,87,i
82,44,56,60,88,2,84,i
81,39,50,60,88,0,84,i
81,45,59,60,88,0,83,i
81,34,44,60,88,0,85,i
82,44,57,60,88,0,84,i
82,36,46,60,88,-2,82,i
81,44,56,60,89,-1,81,i
81,39,50,60,88,-2,85,i
81,42,52,60,88,-4,83,i
81,44,56,61,88,-3,83,i
81,41,52,61,88,0,85,i
81,47,60,62,88,0,85,i
81,44,54,63,89,-1,85,i
82,50,64,64,88,-1,85,i
82,40,51,64,89,-2,85,i
82,51,62,64,88,4,85,i
83,41,53,65,88,2,87,i
83,50,63,64,88,0,89,i
83,45,61,64,89,0,86,i
83,44,61,64,88,0,87,i
82,49,62,65,89,0,87,i
83,41,62,64,89,0,87,i
91,41,50,56,89,43,33,j
91,40,43,55,89,46,31,j
91,42,52,56,89,44,32,j
91,40,43,55,89,44,32,j
91,41,55,56,89,46,31,j
91,38,32,56,89,44,33,j
91,41,53,56,89,45,33,j
91,39,37,56,89,45,33,j
91,41,51,55,89,44,34,j
91,40,46,55,89,45,34,j
91,40,46,56,89,44,35,j
91,41,52,56,89,44,36,j
90,40,44,56,89,43,36,j
91,41,56,55,89,44,36,j
91,39,39,56,89,44,36,j
91,41,55,56,89,43,36,j
91,38,34,56,89,44,36,j
91,41,53,56,89,43,36,j
90,39,38,56,89,44,36,j
90,40,50,55,89,42,37,j
91,41,49,56,89,43,38,j
91,40,46,56,89,43,37,j
91,41,54,56,89,44,36,j
90,41,45,56,89,42,37,j
91,42,56,56,89,45,35,j
91,39,37,56,89,41,39,j
91,42,54,56,89,44,37,j
91,38,36,55,90,42,39,j
91,41,53,56,90,44,37,j
91,39,41,56,89,43,38,j
91,42,49,56,89,46,37,j
91,40,50,56,89,41,41,j
91,40,45,56,89,46,38,j
91,41,53,56,90,44,40,j
91,40,42,56,89,44,40,j
91,42,55,56,89,45,40,j
91,39,31,56,89,44,41,j
91,40,52,56,89,44,40,j
91,39,34,56,89,42,41,j
91,41,50,56,89,42,41,j
91,40,41,56,89,43,40,j
91,40,44,56,89,42,40,j
91,41,48,56,89,43,39,j
91,40,43,56,89,42,39,j
91,42,52,56,89,42,37,j
91,40,41,56,89,43,37,j
91,42,55,56,89,44,36,j
91,39,33,56,89,43,37,j
91,41,53,56,89,45,36,j
91,39,36,55,89,45,36,j
91,41,51,55,88,46,35,j
91,39,43,54,88,45,36,j
91,39,42,53,88,47,34,j
91,39,0,54,88,48,33,j
90,38,0,53,87,48,33,j
91,40,0,53,87,50,32,j
91,38,0,53,86,48,32,j
90,40,0,53,86,49,31,j
90,37,0,53,87,47,33,j
90,39,0,53,87,48,30,j
90,37,0,53,86,48,33,j
90,39,0,53,86,48,33,j
90,38,0,53,86,47,35,j
90,38,0,53,86,45,36,j
89,39,0,53,86,47,35,j
90,37,0,53,86,44,38,j
90,38,0,53,86,46,36,j
89,36,0,53,86,44,40,j
90,39,0,52,86,44,41,j
90,36,0,52,87,44,41,j
90,37,0,53,87,42,44,j
90,35,0,53,87,43,42,j
90,36,0,53,87,44,42,j
90,36,0,53,87,43,42,j
90,35,0,53,87,42,43,j
90,37,0,53,87,42,43,j
91,36,0,52,87,42,43,j
90,38,0,53,87,44,41,j
91,34,0,52,87,44,42,j
91,37,0,53,87,44,43,j
90,35,0,52,87,42,42,j
90,37,0,52,88,42,43,j
91,35,0,53,88,43,41,j
90,37,0,52,88,41,43,j
90,37,0,53,88,45,41,j
90,37,0,52,88,42,43,j
90,38,0,53,88,43,42,j
91,37,0,53,88,44,39,j
90,39,1,53,88,42,41,j
90,35,0,53,88,43,39,j
91,38,0,53,88,41,41,j
91,35,0,53,88,43,39,j
91,38,0,53,88,44,38,j
91,36,0,54,88,43,38,j
91,38,0,54,88,44,38,j
91,38,0,53,88,43,40,j
91,37,28,54,88,43,39,j
91,39,41,53,88,43,40,j
91,37,28,53,89,42,42,j
91,39,43,53,88,45,39,j
91,36,17,54,89,43,42,j
91,40,40,54,89,42,43,j
91,37,23,53,88,44,41,j
91,40,38,54,88,40,45,j
91,39,33,54,88,42,43,j
91,39,31,53,88,40,44,j
91,41,39,53,89,40,43,j
91,39,30,54,88,41,43,j
91,41,44,54,89,45,40,j
91,38,27,54,88,43,42,j
91,40,43,53,88,44,42,j
91,37,21,54,88,44,42,j
92,40,41,54,88,43,42,j
91,38,24,54,88,43,41,j
92,40,38,54,89,45,39,j
92,39,36,54,89,44,40,j
92,39,31,54,89,43,42,j
91,40,41,54,88,43,42,j
91,38,30,54,89,42,42,j
91,41,43,54,89,43,40,j
91,37,23,53,88,41,41,j
91,41,42,54,89,42,40,j
92,37,33,54,88,41,41,j
92,40,50,54,88,42,40,j
92,38,38,54,88,41,42,j
92,40,46,54,89,42,42,j
92,40,46,54,89,43,40,j
92,40,42,54,89,42,42,j
93,40,51,54,88,43,41,j
92,39,42,54,88,43,41,j
92,40,54,54,88,43,42,j
92,37,33,54,88,42,43,j
92,41,52,54,88,41,42,j
92,38,34,54,88,42,42,j
92,40,51,54,88,42,42,j
93,39,41,54,88,44,40,j
92,40,46,54,89,44,40,j
92,40,48,54,88,44,40,j
92,39,43,54,88,43,40,j
92,41,51,54,88,43,40,j
92,39,42,54,88,43,41,j
92,41,53,54,88,44,41,j
92,37,31,54,88,44,40,j
92,40,51,54,89,45,38,j
92,37,35,54,88,44,39,j
92,40,50,54,88,44,38,j
92,39,42,55,88,42,40,j
92,39,44,54,88,45,38,j
92,40,49,54,88,45,38,j
92,38,42,54,89,44,40,j
79,87,90,55,55,9,78,k
79,78,89,55,54,10,78,k
79,86,90,54,53,10,76,k
78,80,90,54,52,8,77,k
78,84,90,53,51,10,75,k
78,83,90,54,51,7,78,k
78,82,89,54,51,10,76,k
78,86,90,54,51,9,77,k
78,81,90,53,51,8,75,k
78,88,90,53,52,4,79,k
78,77,90,53,51,6,77,k
79,87,90,53,51,9,76,k
79,78,90,54,51,11,73,k
79,86,90,54,51,8,76,k
79,81,90,55,51,10,74,k
78,84,90,55,51,7,78,k
79,84,91,56,52,9,75,k
78,81,90,56,53,8,75,k
79,86,90,56,52,6,77,k
78,80,90,54,50,13,71,k
78,86,90,54,50,8,76,k
78,77,90,53,50,10,75,k
78,87,90,53,51,8,77,k
78,78,91,53,50,12,74,k
78,85,91,53,50,6,76,k
78,82,90,53,50,7,75,k
78,82,89,53,50,8,76,k
79,85,90,54,51,9,75,k
79,81,90,54,51,9,76,k
79,87,91,54,51,7,78,k
78,78,90,54,51,11,74,k
79,88,90,54,51,8,77,k
79,78,90,53,50,8,75,k
79,86,90,54,50,8,76,k
79,79,90,54,50,8,76,k
79,84,90,54,50,8,78,k
80,83,91,54,51,9,77,k
80,82,90,54,50,8,79,k
80,86,90,54,51,9,78,k
79,80,90,54,51,10,77,k
80,87,91,54,51,9,77,k
79,78,90,54,50,5,80,k
80,87,90,54,51,10,77,k
79,78,90,54,51,8,78,k
79,86,90,54,51,8,79,k
80,81,90,54,51,5,80,k
79,83,90,55,51,9,77,k
79,84,91,55,51,5,80,k
79,81,90,55,51,7,78,k
80,87,91,55,51,6,80,k
79,80,90,55,50,11,76,k
80,87,91,55,51,8,78,k
79,77,90,55,51,0,80,k
79,87,91,55,51,11,75,k
79,78,90,55,51,3,81,k
79,86,90,55,51,6,77,k
79,82,90,55,51,5,77,k
79,82,90,54,51,5,75,k
79,85,90,55,51,7,76,k
78,81,90,55,51,4,78,k
79,87,90,56,52,5,77,k
79,78,91,55,52,7,75,k
79,87,91,56,52,7,74,k
79,77,90,56,52,6,76,k
79,86,90,56,52,8,76,k
79,78,90,57,52,8,75,k
79,84,90,57,53,8,75,k
79,82,90,58,53,7,75,k
79,81,90,57,53,10,73,k
79,86,91,57,53,5,76,k
79,79,90,58,53,7,74,k
79,88,90,58,54,4,76,k
79,75,90,58,53,11,74,k
79,88,90,59,54,8,74,k
79,75,90,58,53,8,73,k
79,86,90,58,53,7,76,k
79,79,90,58,54,6,75,k
79,83,90,58,53,6,78,k
79,84,91,58,54,3,77,k
79,81,90,57,53,7,77,k
79,86,90,58,54,7,77,k
79,80,90,57,54,8,77,k
79,88,90,58,54,6,77,k
79,75,90,58,53,10,75,k
79,87,90,58,54,8,77,k
9,76,90,58,53,7,78,k
79,86,91,58,53,6,79,k
79,80,91,58,53,9,77,k
79,82,90,58,53,7,78,k
79,84,90,58,54,7,76,k
79,80,90,57,53,5,77,k
79,87,91,58,54,5,76,k
78,77,90,58,53,5,76,k
79,88,90,58,54,9,74,k
79,74,90,58,54,7,74,k
78,87,91,58,54,7,74,k
78,77,90,57,54,5,73,k
78,84,90,58,54,6,74,k
79,82,90,58,54,4,75,k
79,80,91,58,54,7,76,k
79,85,90,58,54,6,76,k
79,80,90,58,54,7,74,k
79,88,91,58,54,7,72,k
79,75,91,58,54,8,70,k
80,88,90,58,54,7,73,k
80,75,90,58,54,9,74,k
79,87,90,58,54,10,74,k
79,78,90,58,54,10,74,k
80,83,90,58,54,8,74,k
79,83,90,58,54,8,75,k
79,80,91,58,54,7,76,k
79,86,91,58,54,6,77,k
80,80,90,58,54,7,75,k
79,88,91,58,54,5,75,k
79,75,91,58,54,7,75,k
79,87,90,58,54,7,74,k
80,75,91,58,54,5,75,k
79,84,91,58,54,6,75,k
80,80,91,58,54,6,75,k
80,82,90,58,54,8,73,k
80,84,90,58,54,6,74,k
79,80,90,58,54,7,73,k
80,86,91,58,54,6,73,k
80,78,90,58,54,10,71,k
80,88,91,58,54,11,69,k
80,75,90,58,54,11,70,k
80,87,91,58,54,10,71,k
80,76,90,58,55,9,71,k
79,85,90,58,54,9,72,k
80,81,90,58,55,7,73,k
80,82,90,58,54,12,70,k
80,85,91,58,55,9,72,k
80,80,90,58,54,6,74,k
80,88,92,58,54,6,73,k
80,76,90,58,54,7,75,k
80,87,91,59,54,8,74,k
80,75,90,58,54,9,74,k
80,87,91,58,54,8,74,k
79,78,90,58,54,8,75,k
81,83,90,58,54,8,76,k
79,83,91,58,55,9,73,k
80,81,90,59,55,8,74,k
80,86,90,60,55,10,74,k
80,80,91,59,55,8,75,k
80,88,91,59,56,8,75,k
80,74,90,59,55,9,73,k
80,87,91,59,56,11,73,k
80,75,91,59,56,11,72,k
80,87,90,59,56,8,73,k
80,80,91,59,57,8,72,k
93,86,47,46,46,10,78,l
93,80,27,45,46,10,79,l
92,85,45,45,46,9,78,l
93,82,31,45,46,9,78,l
93,84,42,45,46,11,76,l
93,84,42,46,46,10,77,l
93,83,38,46,46,14,73,l
93,85,46,45,46,12,75,l
93,83,37,45,46,13,74,l
93,86,49,46,46,11,76,l
93,81,27,45,46,13,74,l
93,86,45,46,46,11,75,l
93,81,28,46,46,12,74,l
93,85,45,46,46,11,75,l
93,82,35,46,46,13,74,l
93,84,41,45,46,11,75,l
93,85,43,45,46,14,73,l
93,83,37,46,46,8,78,l
93,86,46,45,46,13,74,l
93,83,37,46,46,9,77,l
93,86,48,45,46,12,75,l
92,80,26,46,46,10,78,l
94,85,46,46,46,12,76,l
92,81,30,46,46,11,78,l
93,85,44,46,46,11,77,l
93,83,39,46,47,10,77,l
93,84,40,46,46,10,78,l
93,85,45,46,46,12,75,l
93,83,37,46,46,12,76,l
93,86,48,46,46,10,77,l
93,82,32,45,46,12,76,l
93,86,47,46,46,11,76,l
93,80,27,46,46,10,77,l
93,86,45,46,46,10,76,l
93,82,31,46,46,12,74,l
93,84,43,46,46,11,75,l
93,84,41,46,47,9,76,l
93,83,38,46,46,13,74,l
93,85,46,46,46,9,76,l
92,83,37,46,46,9,77,l
93,86,49,46,46,9,76,l
93,81,29,46,46,11,75,l
93,86,46,46,46,9,76,l
93,81,29,46,46,12,74,l
93,85,45,46,46,10,76,l
93,82,34,46,46,11,75,l
92,84,41,46,46,6,79,l
93,84,43,46,46,13,74,l
93,83,37,46,47,6,80,l
93,86,47,46,46,13,75,l
93,83,37,46,46,6,80,l
93,86,49,46,46,10,76,l
93,80,25,46,46,7,79,l
93,85,45,46,46,8,79,l
93,81,30,46,46,7,80,l
93,85,44,46,46,7,80,l
93,83,38,46,46,11,77,l
93,84,40,46,46,7,79,l
93,85,45,46,46,9,78,l
93,83,37,46,47,7,79,l
93,86,48,46,46,10,76,l
93,82,33,46,46,7,79,l
93,86,47,46,46,8,79,l
93,80,27,46,46,7,80,l
93,85,45,46,46,8,80,l
93,81,31,46,46,6,80,l
93,84,43,46,45,7,80,l
93,84,42,47,45,9,79,l
93,83,39,46,45,6,82,l
93,85,46,46,45,6,81,l
93,83,38,45,45,6,81,l
93,85,48,45,44,7,80,l
93,77,29,45,44,6,81,l
93,85,46,45,44,6,80,l
93,80,29,45,44,8,79,l
93,84,45,44,44,7,79,l
93,80,34,44,43,6,81,l
93,82,41,44,43,6,82,l
93,83,42,44,43,7,80,l
93,82,37,44,43,8,80,l
93,84,46,44,43,7,80,l
93,82,37,44,43,8,79,l
93,85,48,44,43,6,80,l
93,78,26,44,43,7,79,l
93,84,46,44,43,8,79,l
93,79,29,44,43,6,80,l
93,83,45,44,43,7,81,l
93,81,37,44,43,7,80,l
92,82,40,44,43,6,81,l
93,83,44,44,42,5,81,l
94,81,38,44,42,10,77,l
92,84,47,44,43,6,79,l
93,80,35,44,42,7,79,l
93,83,48,44,43,6,81,l
94,79,28,44,43,7,80,l
93,84,46,45,43,6,80,l
93,79,31,44,43,5,80,l
93,83,44,45,43,5,80,l
93,82,42,44,43,7,79,l
93,81,39,44,44,5,81,l
93,83,45,44,44,6,79,l
93,81,38,44,44,7,79,l
93,84,49,45,44,7,78,l
93,80,29,45,43,7,78,l
93,84,47,45,44,6,78,l
93,80,28,45,44,7,78,l
93,84,45,45,43,8,77,l
93,80,33,45,44,9,76,l
93,83,41,45,43,8,76,l
93,83,42,45,43,7,77,l
93,82,38,46,43,9,76,l
93,84,47,45,44,7,77,l
93,82,37,45,44,9,76,l
93,85,49,45,44,7,77,l
94,79,27,45,44,9,76,l
94,84,46,45,44,7,77,l
94,80,30,45,44,8,76,l
93,84,46,46,44,8,76,l
94,82,38,45,44,8,76,l
94,83,40,45,44,7,76,l
94,84,46,45,44,8,77,l
94,83,39,45,44,8,76,l
94,85,48,45,44,7,77,l
94,82,35,45,45,8,76,l
95,86,48,45,45,7,77,l
94,80,28,46,45,9,76,l
94,85,46,46,45,7,76,l
94,81,31,46,45,7,76,l
94,85,45,45,44,9,76,l
94,83,41,45,45,8,76,l
94,83,39,45,44,8,76,l
94,85,46,46,44,7,77,l
93,83,39,45,44,8,76,l
94,86,49,45,45,7,76,l
94,81,31,45,44,7,77,l
93,86,48,45,44,7,76,l
94,80,30,45,44,7,77,l
93,85,47,45,44,8,76,l
94,82,34,45,44,9,75,l
94,84,43,45,44,9,76,l
94,85,43,45,44,7,76,l
93,84,40,46,44,10,74,l
93,85,48,45,44,10,76,l
93,83,38,45,44,8,77,l
93,86,50,45,44,9,76,l
93,81,29,45,44,8,76,l
93,86,48,46,44,6,77,l
94,81,31,45,45,11,74,l
94,86,47,45,44,7,77,l
93,83,38,45,45,10,76,l
67,44,55,60,53,-3,84,m
68,48,61,59,54,-2,86,m
67,45,58,59,54,-2,86,m
67,47,60,59,54,-2,85,m
68,48,61,59,54,-3,85,m
67,46,59,60,54,-3,85,m
67,48,62,60,55,-2,85,m
66,45,57,59,54,-3,85,m
66,47,60,59,55,-3,84,m
67,41,52,58,52,-3,84,m
67,46,59,58,54,-2,85,m
67,42,54,58,53,-1,85,m
67,45,57,58,54,-1,85,m
68,45,56,58,53,-2,85,m
67,44,56,59,54,-2,84,m
67,46,59,59,55,-1,85,m
67,45,56,61,54,-2,85,m
68,48,62,61,56,-2,83,m
67,44,53,62,54,-3,83,m
68,49,61,63,55,-3,83,m
68,46,55,65,54,-3,83,m
68,52,63,66,55,-3,83,m
68,50,59,67,55,-2,83,m
68,52,61,68,56,-3,82,m
68,53,64,68,56,-2,83,m
69,51,60,67,56,-2,82,m
69,52,63,66,56,-1,82,m
69,49,57,64,55,-1,86,m
70,53,63,64,56,-1,84,m
70,47,54,65,55,-2,83,m
70,52,62,65,56,-3,85,m
70,47,55,64,55,-2,86,m
70,50,60,63,56,-1,86,m
70,50,60,63,56,0,85,m
70,49,58,63,55,-2,86,m
70,52,63,63,56,0,87,m
71,52,59,63,56,-1,86,m
70,56,66,63,57,-2,86,m
71,51,54,62,55,0,88,m
71,55,63,61,56,0,88,m
70,50,55,61,55,0,85,m
70,54,61,60,56,-1,87,m
71,51,58,60,56,-2,87,m
71,52,58,60,56,-3,86,m
71,56,62,60,57,0,88,m
70,57,59,62,56,0,88,m
71,61,64,62,56,0,87,m
71,58,56,62,55,1,88,m
71,60,61,61,56,1,88,m
71,51,52,59,55,0,88,m
71,53,59,58,57,0,87,m
71,48,52,58,55,1,88,m
71,50,56,58,56,0,88,m
71,49,56,57,57,0,89,m
71,46,53,57,56,0,88,m
69,47,56,55,56,1,88,m
72,47,53,57,57,0,88,m
72,50,59,57,58,0,87,m
72,44,48,57,56,1,87,m
72,48,57,56,58,1,88,m
72,42,50,56,57,0,88,m
71,46,56,56,58,0,87,m
71,45,55,56,58,0,85,m
72,46,54,56,57,0,85,m
72,46,58,56,58,1,86,m
71,45,54,56,57,2,87,m
72,48,59,57,58,2,86,m
72,44,51,56,56,1,87,m
72,48,58,57,58,0,88,m
71,44,51,57,57,2,87,m
71,49,58,57,59,1,87,m
71,46,54,58,59,2,86,m
71,48,56,58,60,2,86,m
71,48,58,58,59,2,86,m
71,46,55,58,59,3,85,m
72,49,60,57,60,1,85,m
71,47,55,58,59,-1,88,m
71,49,60,58,60,-1,88,m
71,44,51,58,57,-1,85,m
71,49,59,58,60,-1,85,m
71,45,53,58,58,0,86,m
71,48,58,58,60,-1,85,m
71,48,57,58,59,-2,85,m
71,48,55,58,60,0,87,m
71,50,59,58,61,0,86,m
71,49,55,58,60,1,86,m
71,52,61,58,61,0,87,m
71,47,51,57,59,0,87,m
71,51,59,58,61,0,88,m
71,47,52,57,60,0,89,m
71,51,59,58,61,0,88,m
71,49,55,58,61,0,88,m
71,49,56,58,61,0,88,m
71,50,59,57,62,0,89,m
71,49,55,57,61,0,89,m
71,52,60,57,62,0,89,m
71,49,55,58,61,0,89,m
71,52,60,59,62,0,89,m
71,47,51,58,60,0,88,m
71,51,60,58,62,1,88,m
71,48,54,58,61,0,88,m
72,50,58,58,61,0,88,m
71,50,57,58,61,0,87,m
71,50,56,58,61,0,88,m
71,52,60,58,62,0,87,m
71,49,56,58,62,0,86,m
70,52,62,58,62,0,87,m
70,47,52,58,60,0,86,m
70,52,60,58,62,0,87,m
70,48,54,58,60,-1,86,m
70,51,60,58,62,-1,87,m
70,50,58,58,62,0,87,m
70,50,58,58,62,-1,87,m
70,52,60,58,62,0,88,m
70,50,56,58,61,0,88,m
71,52,62,59,62,0,87,m
71,47,54,59,60,0,86,m
71,51,61,59,62,-3,86,m
71,46,52,59,61,0,89,m
71,49,60,59,62,-1,87,m
71,46,55,59,61,0,87,m
71,47,57,58,61,0,86,m
71,48,59,58,62,0,88,m
70,46,55,58,61,0,88,m
71,50,60,58,62,0,88,m
71,47,56,58,62,0,85,m
71,50,60,58,63,0,86,m
71,44,52,58,60,0,87,m
71,49,59,58,62,0,88,m
72,45,54,58,61,0,89,m
72,49,59,58,62,0,89,m
72,49,58,58,62,0,85,m
72,50,57,57,62,0,86,m
72,52,61,58,63,1,87,m
72,51,57,58,61,2,87,m
72,53,63,58,63,0,89,m
72,48,52,58,61,1,86,m
72,52,61,58,62,0,88,m
72,47,53,59,60,0,89,m
72,48,60,58,62,0,88,m
71,46,55,58,61,1,88,m
72,47,57,58,62,0,88,m
72,49,60,58,62,0,89,m
72,47,57,58,62,1,88,m
70,49,60,56,62,0,88,m
72,47,54,57,61,0,89,m
72,50,61,58,62,0,88,m
72,45,52,57,60,0,88,m
72,50,60,58,62,0,89,m
72,46,53,58,61,0,89,m
73,51,58,56,50,-2,85,n
73,53,60,52,50,-2,85,n
73,55,64,55,50,-2,84,n
73,51,58,55,50,-2,85,n
73,55,67,55,50,-2,86,n
72,50,55,55,50,-2,86,n
72,55,67,55,49,-2,87,n
73,48,51,55,49,-3,86,n
72,56,65,55,49,-3,86,n
73,50,53,55,48,-4,85,n
73,54,62,56,49,-6,83,n
73,54,61,56,49,-5,84,n
73,53,58,56,50,-7,82,n
73,56,66,56,50,-5,84,n
73,52,58,55,50,-6,83,n
73,58,68,56,49,-5,84,n
73,49,50,56,49,-6,83,n
73,56,66,56,50,-5,84,n
73,50,53,56,49,-5,84,n
73,56,65,55,49,-7,82,n
73,54,61,55,50,-7,82,n
73,54,60,55,49,-5,84,n
73,56,66,56,50,-8,81,n
73,53,59,55,50,-3,86,n
74,58,68,55,50,-6,83,n
73,51,53,56,49,-3,86,n
73,57,66,56,49,-3,86,n
73,50,51,56,50,-1,88,n
73,56,65,56,50,-4,85,n
73,52,57,56,51,-2,87,n
73,54,60,56,51,-6,83,n
74,56,65,57,51,-7,82,n
73,54,59,56,51,-5,84,n
73,57,67,57,51,-2,86,n
73,52,56,56,51,-2,86,n
73,58,67,56,51,-3,85,n
73,50,50,55,51,-4,84,n
73,57,66,56,52,-7,81,n
73,51,55,56,52,-3,85,n
73,55,63,56,51,-3,85,n
72,56,62,56,51,-4,83,n
72,55,59,56,51,-5,82,n
72,58,66,57,51,-6,82,n
72,54,59,56,51,-3,83,n
73,59,69,57,51,-8,80,n
72,50,50,56,51,0,81,n
72,58,66,56,51,-7,80,n
72,52,53,57,51,0,83,n
72,58,65,56,51,-3,83,n
72,55,60,57,51,-3,84,n
72,56,60,57,52,-2,84,n
72,58,65,57,52,-3,85,n
73,55,60,57,52,-5,82,n
72,59,68,57,52,-2,83,n
73,52,53,56,51,-1,86,n
73,58,67,57,52,-3,86,n
72,52,52,56,52,-3,85,n
73,58,66,56,52,-3,85,n
73,54,56,56,52,-6,82,n
72,56,61,57,52,-3,83,n
73,57,64,57,52,-5,83,n
72,55,60,57,52,-3,84,n
73,58,67,57,52,-7,81,n
73,54,58,56,52,-6,81,n
72,59,68,57,52,-8,79,n
73,51,51,57,52,-5,82,n
73,59,66,57,52,-6,82,n
73,52,54,57,52,-6,81,n
72,57,64,57,52,-7,81,n
72,56,63,56,52,-7,81,n
72,56,59,56,52,-7,81,n
73,58,67,56,52,-7,80,n
72,55,58,57,52,-6,81,n
73,60,69,57,52,-7,80,n
72,51,51,57,52,-7,81,n
73,59,67,56,52,-7,81,n
73,52,53,57,52,-7,82,n
73,58,66,57,52,-3,84,n
73,55,60,56,52,-7,81,n
73,56,61,56,52,-4,84,n
73,58,66,56,52,-5,83,n
73,56,60,56,52,-5,84,n
73,60,68,56,52,-6,83,n
73,54,55,56,51,-4,84,n
73,60,68,56,51,-3,84,n
73,52,53,55,50,-3,83,n
73,59,65,56,50,-3,83,n
73,54,56,56,50,-3,85,n
73,57,62,56,50,-5,83,n
73,58,64,56,50,-6,82,n
73,56,60,56,51,-5,83,n
73,59,67,56,50,-3,82,n
73,55,59,56,50,-7,81,n
73,59,68,56,50,-5,82,n
73,51,50,56,50,-7,80,n
72,58,66,56,51,-4,79,n
73,51,54,56,50,-4,81,n
73,57,63,56,50,-5,82,n
73,56,61,56,50,-5,81,n
73,55,59,56,51,-5,82,n
73,58,66,57,51,-6,82,n
73,55,59,56,50,-6,82,n
73,60,67,57,51,-6,82,n
73,52,51,56,50,-9,79,n
72,59,67,56,51,-8,79,n
72,53,53,57,50,-7,81,n
72,58,65,55,51,-9,80,n
72,56,59,56,50,-7,81,n
72,58,60,57,50,-7,79,n
72,59,65,57,50,-8,79,n
72,56,59,56,50,-8,79,n
72,59,68,57,50,-5,81,n
72,55,56,56,49,-6,81,n
72,59,68,57,50,-2,83,n
72,53,52,56,50,-3,83,n
72,59,66,56,50,-3,83,n
72,54,55,56,51,-3,84,n
71,58,63,57,50,-2,85,n
72,57,63,56,50,-3,83,n
71,55,60,56,50,-4,84,n
71,58,67,57,51,-2,86,n
71,54,59,57,51,0,88,n
71,59,68,57,50,-3,86,n
71,51,51,56,50,0,88,n
72,58,67,57,51,-3,86,n
71,52,55,56,51,-2,87,n
71,58,65,56,51,-3,85,n
72,55,61,56,51,-1,87,n
72,56,60,57,50,-2,86,n
72,58,66,57,51,-4,84,n
72,55,60,56,51,-2,86,n
72,59,68,56,50,-6,83,n
72,52,53,56,51,-4,84,n
72,59,67,57,51,-5,83,n
72,52,53,57,50,-2,85,n
72,58,66,56,51,-6,83,n
72,54,57,56,51,-5,84,n
71,57,62,56,51,-3,85,n
71,58,65,56,51,-4,84,n
71,57,60,56,51,-5,84,n
71,60,68,57,51,-3,85,n
71,56,60,56,51,-4,84,n
71,61,68,56,51,-3,85,n
70,52,53,56,51,-4,84,n
71,60,67,56,51,-4,85,n
70,55,56,57,51,-3,86,n
70,60,66,56,51,-3,86,n
71,57,64,56,52,0,88,n
70,58,61,57,51,-4,84,n
70,61,69,57,51,-3,86,n
81,49,58,56,59,-4,81,o
80,43,52,56,59,-7,78,o
80,46,55,56,58,-7,78,o
80,47,56,56,58,-6,79,o
80,45,54,55,59,-5,80,o
80,49,59,56,59,-3,82,o
80,44,55,56,59,-2,81,o
80,49,61,55,59,0,81,o
79,41,44,56,59,0,81,o
79,48,59,56,59,-1,83,o
79,42,49,55,59,-1,84,o
79,48,58,56,59,-2,84,o
79,45,54,56,58,-1,83,o
79,46,54,56,58,-5,81,o
79,48,58,55,58,-2,81,o
79,45,53,56,58,-4,82,o
79,50,60,56,58,-3,83,o
79,43,52,55,58,-4,82,o
79,49,60,56,58,-2,82,o
79,40,48,56,58,-3,82,o
79,49,59,56,59,0,81,o
79,42,51,56,59,0,81,o
79,47,56,55,58,3,79,o
78,46,56,56,58,1,84,o
78,46,54,55,58,0,86,o
78,48,59,55,59,1,83,o
78,44,53,55,58,-3,82,o
78,50,61,56,58,0,81,o
78,40,47,56,58,-3,82,o
78,50,59,55,58,-7,81,o
78,40,49,55,58,-6,81,o
78,48,58,55,58,-5,80,o
78,43,53,55,58,-4,81,o
78,45,55,55,58,-4,83,o
78,46,57,55,58,-4,82,o
78,43,53,55,58,-3,82,o
78,48,58,55,57,-2,82,o
77,42,52,55,57,-1,83,o
78,49,58,55,57,0,83,o
78,40,44,55,56,-2,84,o
78,48,57,55,57,-2,83,o
78,40,50,55,57,-4,82,o
78,46,56,55,57,-4,83,o
78,45,54,55,57,-4,82,o
78,44,53,55,57,-3,83,o
78,47,57,55,57,0,83,o
77,43,53,55,57,-2,82,o
77,49,59,55,57,-1,83,o
78,40,48,55,57,-2,82,o
78,49,58,55,57,-3,82,o
77,40,48,55,57,-2,81,o
78,48,58,55,57,-2,82,o
78,42,52,55,58,-2,82,o
78,45,55,55,58,-2,83,o
78,46,56,55,58,-3,83,o
78,44,53,56,58,-2,83,o
78,48,58,55,58,-4,82,o
78,43,52,55,58,-4,81,o
78,49,59,55,58,-3,82,o
78,39,47,55,58,-3,82,o
78,48,57,55,58,-1,83,o
78,41,46,55,58,0,84,o
78,47,57,55,58,0,83,o
78,44,54,55,58,-2,84,o
78,45,54,55,58,0,84,o
78,47,58,55,58,-3,83,o
78,44,53,56,58,-1,84,o
79,49,59,55,58,-2,84,o
78,41,51,55,58,-2,84,o
78,49,58,55,58,-2,84,o
78,40,48,56,58,-2,85,o
78,48,58,55,58,-1,85,o
78,41,51,56,58,2,81,o
78,46,56,55,58,0,81,o
78,45,56,55,58,2,81,o
78,43,54,56,58,0,83,o
78,48,57,56,58,0,81,o
78,43,53,55,58,-1,81,o
78,50,59,55,58,-2,83,o
78,39,49,55,58,-3,83,o
78,48,58,56,58,-4,83,o
76,40,49,55,58,-3,82,o
78,48,57,55,58,-4,82,o
78,43,54,55,58,-3,81,o
78,45,55,55,58,-3,82,o
77,48,57,55,58,-3,82,o
78,44,53,55,58,-4,81,o
78,49,59,56,58,-5,81,o
77,43,51,55,57,-2,82,o
77,49,59,55,58,1,81,o
78,41,45,55,58,1,80,o
78,48,58,54,58,2,78,o
78,42,49,55,58,0,81,o
78,47,56,55,58,1,81,o
78,46,55,55,58,0,81,o
78,44,53,55,58,-2,82,o
78,48,58,55,58,-1,81,o
78,44,53,55,58,-5,80,o
78,49,60,55,58,-2,82,o
78,41,47,55,58,-5,81,o
77,49,58,55,58,-1,81,o
77,42,48,56,58,-2,81,o
78,48,58,55,58,-6,81,o
78,43,52,55,58,-5,81,o
78,46,54,55,58,-4,82,o
78,47,57,55,58,-3,82,o
78,44,52,55,58,-3,81,o
78,48,58,55,58,-6,80,o
78,44,52,55,57,-2,81,o
78,49,58,55,58,-1,81,o
78,40,46,55,58,-1,80,o
78,49,58,55,58,-4,80,o
79,41,47,55,58,-3,80,o
78,47,57,55,58,-3,80,o
78,46,55,55,58,-2,80,o
78,45,53,56,58,-2,80,o
78,48,58,56,58,-1,79,o
78,44,54,55,58,-8,77,o
78,50,59,55,59,-2,78,o
78,42,48,56,58,-8,78,o
78,50,59,55,58,-4,81,o
78,41,48,56,58,-5,81,o
78,48,58,56,58,-4,81,o
78,43,51,55,58,-3,82,o
78,46,55,55,58,-3,81,o
78,46,55,57,58,-5,81,o
78,45,52,56,58,-3,82,o
78,48,59,56,58,-2,82,o
78,44,52,56,58,-3,82,o
78,49,60,55,58,2,79,o
78,40,46,55,58,-4,80,o
78,49,58,55,58,-2,81,o
78,42,49,55,58,-2,81,o
78,48,57,56,58,-1,82,o
78,45,54,56,58,-1,81,o
78,45,54,55,58,-3,81,o
78,48,58,55,58,-4,80,o
78,44,52,55,59,-4,80,o
78,49,59,56,58,-3,80,o
78,43,51,55,58,-8,79,o
78,50,59,55,58,-4,81,o
79,42,47,55,58,-6,79,o
78,48,58,55,58,-4,81,o
78,42,50,56,58,-4,80,o
78,47,55,56,58,-1,81,o
78,46,55,56,58,-4,80,o
78,44,51,56,58,-2,79,o
78,49,57,55,58,-3,80,o
78,44,52,55,58,-2,81,o
78,50,60,55,58,-4,80,o
80,80,73,49,44,47,28,p
79,86,81,49,45,48,28,p
79,81,78,49,44,49,27,p
79,85,81,49,44,49,26,p
79,83,81,49,44,48,28,p
79,82,80,49,44,45,28,p
79,85,82,49,45,46,27,p
79,81,80,49,45,45,29,p
79,87,82,49,45,45,30,p
79,79,75,48,44,45,29,p
79,87,81,49,44,42,31,p
78,80,77,49,45,45,28,p
79,86,80,49,45,44,30,p
79,80,80,49,44,43,31,p
78,83,80,49,44,44,29,p
79,84,82,50,45,47,28,p
78,82,79,49,44,45,30,p
79,87,81,50,45,49,28,p
79,80,79,49,44,48,29,p
79,86,81,50,45,46,31,p
79,79,75,50,45,49,27,p
79,86,80,50,45,47,29,p
79,81,78,49,45,48,30,p
79,84,79,49,45,48,27,p
79,83,80,50,45,49,26,p
79,82,79,50,45,48,25,p
79,86,81,51,45,48,27,p
79,81,79,50,45,47,25,p
79,86,80,50,45,47,28,p
79,78,79,49,45,49,25,p
79,87,81,50,45,48,27,p
79,79,78,50,45,50,25,p
79,85,80,50,45,46,29,p
79,82,80,50,45,47,27,p
78,83,80,50,45,45,29,p
79,85,80,50,46,48,27,p
78,82,79,49,45,48,28,p
79,87,81,50,46,46,28,p
79,80,79,49,45,46,28,p
79,87,81,50,45,45,28,p
79,79,78,49,45,44,30,p
79,86,81,50,46,43,29,p
79,81,79,50,45,43,30,p
79,84,80,50,45,42,30,p
79,84,80,50,45,44,30,p
79,82,80,50,45,44,29,p
79,86,81,51,46,42,31,p
78,81,79,50,46,44,28,p
78,88,80,50,46,45,28,p
78,79,78,50,45,44,28,p
78,87,81,50,46,48,26,p
78,79,79,50,46,46,28,p
78,86,80,50,46,47,27,p
78,83,79,50,46,48,28,p
78,85,80,51,46,50,26,p
78,82,78,50,45,50,26,p
78,85,80,51,46,49,28,p
78,79,78,50,45,49,27,p
78,87,80,51,45,48,28,p
78,81,73,50,45,49,27,p
78,86,80,51,46,46,31,p
78,81,78,50,46,47,29,p
78,84,80,51,46,47,29,p
77,84,82,50,46,49,26,p
77,82,78,50,45,49,27,p
77,86,80,51,46,49,28,p
77,81,78,51,45,49,29,p
77,87,80,51,46,48,28,p
77,79,77,50,45,49,27,p
78,87,79,51,46,49,27,p
77,80,78,50,46,49,27,p
77,85,79,51,46,49,28,p
77,83,79,50,46,51,26,p
78,83,78,51,45,51,27,p
77,86,78,51,46,52,25,p
77,81,77,50,46,51,26,p
77,87,80,51,46,49,28,p
77,79,77,50,45,48,27,p
77,87,80,51,46,49,27,p
77,79,77,50,46,49,27,p
77,86,79,51,46,49,27,p
78,81,78,51,46,48,29,p
77,84,78,51,46,48,29,p
78,85,78,51,46,47,29,p
77,81,78,50,46,48,27,p
78,86,80,51,46,48,28,p
78,81,77,50,45,46,30,p
78,86,79,51,46,48,27,p
77,79,76,50,46,47,28,p
77,87,79,51,46,45,29,p
77,80,78,51,46,45,28,p
78,85,79,51,46,43,31,p
78,83,79,51,46,46,26,p
78,83,78,50,46,42,30,p
78,85,79,51,45,43,29,p
77,82,77,50,46,42,30,p
78,88,79,51,46,43,29,p
77,79,77,51,45,44,28,p
77,87,79,51,46,44,28,p
77,79,77,51,45,43,28,p
78,86,79,51,46,42,29,p
78,81,78,51,46,44,29,p
78,84,78,50,46,44,28,p
78,84,78,51,46,44,29,p
78,82,78,51,46,44,30,p
78,85,78,51,46,44,30,p
77,81,77,50,46,42,32,p
77,87,79,51,46,39,35,p
77,83,67,51,46,46,25,p
77,86,78,51,46,46,27,p
77,83,71,51,46,49,24,p
77,85,77,51,46,47,27,p
77,85,77,51,47,51,25,p
77,83,75,51,47,49,27,p
77,86,78,51,46,43,30,p
78,82,74,51,46,41,31,p
78,87,80,51,46,38,32,p
78,80,67,51,46,39,33,p
78,86,79,54,47,44,30,p
77,81,70,51,46,42,29,p
77,86,78,51,46,42,29,p
78,83,76,51,46,39,34,p
77,84,78,51,46,36,37,p
78,85,79,51,47,38,34,p
77,81,78,51,46,44,27,p
78,86,80,52,46,47,26,p
77,80,75,50,46,50,25,p
77,86,80,51,46,52,24,p
77,79,76,51,46,50,24,p
77,86,79,51,47,53,22,p
78,81,78,51,46,52,25,p
77,84,78,51,46,50,25,p
78,83,78,51,46,50,26,p
78,82,78,51,46,49,22,p
78,86,79,51,46,51,21,p
77,82,78,51,46,51,22,p
78,87,80,51,47,45,27,p
78,79,76,51,46,49,24,p
78,86,80,51,46,44,27,p
78,79,77,51,46,48,25,p
78,86,79,52,46,48,26,p
78,82,78,52,46,51,23,p
78,83,78,52,46,49,24,p
78,84,79,52,46,50,23,p
77,82,77,51,47,50,25,p
78,86,79,52,47,49,25,p
78,80,77,51,46,48,23,p
78,87,79,52,46,50,23,p
78,79,76,51,46,49,23,p
78,86,79,51,46,50,24,p
87,83,43,48,44,11,3,q
87,83,46,48,44,10,4,q
87,84,50,48,44,10,4,q
87,83,44,49,44,8,3,q
87,84,50,48,44,9,5,q
87,83,43,48,44,9,3,q
87,85,52,48,44,11,3,q
87,81,35,48,44,8,2,q
87,84,51,48,44,7,3,q
87,82,38,48,44,9,3,q
87,84,48,48,44,8,2,q
87,84,47,48,44,8,2,q
87,83,44,48,44,8,1,q
87,84,51,49,42,10,2,q
87,83,43,48,44,9,3,q
87,84,54,48,44,7,3,q
87,81,36,48,44,9,3,q
87,84,50,48,44,11,2,q
87,81,38,48,44,9,2,q
87,84,49,48,44,9,2,q
87,82,43,48,44,8,2,q
87,83,45,48,44,9,2,q
87,84,50,48,44,10,1,q
87,82,44,48,44,9,3,q
87,84,52,48,44,9,1,q
87,82,41,48,44,9,3,q
87,84,52,48,43,10,2,q
87,81,37,48,44,11,3,q
87,84,50,48,44,11,2,q
87,82,40,49,44,10,3,q
87,84,48,48,44,7,2,q
87,84,48,46,44,8,0,q
87,82,41,48,44,10,2,q
87,84,51,48,44,8,5,q
87,82,43,48,44,9,3,q
87,85,54,48,44,8,3,q
87,81,36,48,44,8,2,q
87,84,51,49,44,9,2,q
87,81,39,48,44,9,1,q
87,84,49,48,44,10,3,q
87,83,46,48,44,9,1,q
88,83,45,48,44,9,2,q
87,84,50,48,44,8,1,q
88,82,44,48,44,9,2,q
87,85,53,48,44,8,2,q
87,82,40,48,44,10,3,q
87,84,52,48,44,8,1,q
87,81,37,48,44,8,1,q
87,84,50,48,44,10,3,q
87,83,40,48,44,10,1,q
86,84,44,48,44,11,1,q
87,84,48,48,44,10,2,q
87,84,41,48,44,9,3,q
87,85,51,48,44,10,3,q
87,83,42,49,44,9,4,q
87,85,53,48,44,10,2,q
88,82,31,48,44,9,3,q
87,85,51,48,44,11,4,q
87,83,36,48,44,10,3,q
87,84,48,48,44,11,3,q
87,83,46,49,44,8,3,q
87,83,42,48,44,11,4,q
87,85,52,48,44,10,4,q
87,83,42,48,44,9,7,q
87,85,54,48,44,12,7,q
87,82,34,48,44,10,7,q
87,85,51,48,44,9,6,q
87,82,35,48,44,9,6,q
88,84,50,48,44,11,6,q
87,83,42,48,44,11,6,q
87,84,43,48,44,9,5,q
87,84,49,48,44,11,4,q
87,83,43,48,44,10,6,q
88,85,53,49,44,10,5,q
87,82,34,48,44,11,5,q
87,85,53,48,44,14,5,q
87,82,31,48,44,14,7,q
87,84,51,48,44,14,6,q
87,82,36,48,44,13,6,q
87,84,48,48,44,13,4,q
87,84,47,48,44,13,3,q
87,83,42,48,44,14,4,q
87,85,51,49,44,13,5,q
87,84,41,48,44,14,5,q
87,85,55,48,44,12,4,q
87,83,30,48,44,13,2,q
87,85,52,48,44,12,4,q
87,83,34,48,44,11,4,q
87,85,51,48,44,8,5,q
87,84,42,48,44,9,5,q
87,84,44,48,44,10,7,q
87,85,50,49,44,7,7,q
87,84,42,48,44,10,4,q
87,85,54,49,44,10,6,q
87,83,38,48,44,10,6,q
87,84,52,48,43,9,6,q
88,83,31,48,44,9,6,q
87,84,50,48,44,9,6,q
87,83,36,48,43,10,5,q
87,84,46,48,43,11,3,q
87,84,47,48,43,10,4,q
87,83,42,48,42,8,2,q
87,84,51,49,42,9,4,q
87,83,41,48,42,10,3,q
87,85,55,49,41,9,4,q
87,82,29,48,41,11,2,q
87,84,51,49,40,10,4,q
87,82,34,49,41,11,3,q
87,84,49,49,41,10,4,q
87,83,44,49,42,9,4,q
87,83,44,49,41,11,5,q
86,83,50,48,40,12,4,q
86,83,42,48,40,9,5,q
86,84,53,48,40,10,5,q
86,82,36,48,39,10,4,q
86,83,52,48,39,12,5,q
86,81,33,47,39,11,5,q
87,84,50,48,39,9,6,q
87,82,39,48,38,11,5,q
86,83,46,48,38,11,5,q
86,83,47,48,38,10,6,q
87,83,41,48,37,10,7,q
86,84,50,48,37,13,7,q
86,82,41,48,38,14,6,q
87,84,54,49,38,11,5,q
87,81,31,49,39,12,5,q
87,84,51,49,39,13,6,q
87,82,36,49,39,14,4,q
87,84,49,49,39,12,4,q
87,83,44,49,39,13,3,q
87,83,44,49,39,12,5,q
87,84,51,49,40,13,5,q
87,83,43,49,40,12,3,q
85,84,54,49,40,13,4,q
87,82,35,49,39,15,2,q
88,84,52,49,40,12,6,q
87,82,34,49,40,9,6,q
87,84,50,49,40,12,8,q
87,84,40,49,40,12,5,q
87,86,46,49,40,11,4,q
87,84,48,49,40,11,6,q
87,83,43,49,40,9,7,q
87,84,53,49,40,13,5,q
87,83,44,49,40,12,6,q
87,85,53,50,40,11,7,q
87,82,33,49,40,13,6,q
87,84,51,50,40,10,7,q
87,82,36,49,40,12,6,q
87,84,50,50,40,11,8,q
87,83,46,50,40,11,8,q
74,86,83,42,42,1,88,r
74,88,88,43,42,2,87,r
74,86,81,42,41,2,87,r
75,88,92,43,42,-1,86,r
74,86,81,42,41,1,87,r
74,88,92,43,42,0,88,r
74,84,73,42,42,-1,87,r
74,88,90,42,42,0,88,r
74,85,76,42,41,0,87,r
74,88,87,42,41,0,88,r
74,87,86,43,42,0,87,r
74,86,82,42,41,0,87,r
74,88,91,43,42,1,86,r
74,86,81,43,41,0,87,r
74,89,94,43,41,0,86,r
74,85,72,42,41,0,87,r
74,88,90,42,42,1,87,r
74,85,74,42,41,0,88,r
74,88,89,43,41,0,89,r
74,86,82,43,42,0,89,r
74,87,83,43,42,0,88,r
74,88,87,43,42,-1,87,r
74,86,80,43,42,-1,88,r
74,89,92,43,42,0,89,r
74,85,78,42,42,-1,87,r
74,88,92,43,41,0,88,r
74,84,70,41,42,1,88,r
74,88,89,43,42,2,87,r
74,85,75,42,42,1,88,r
75,87,86,43,42,2,87,r
74,88,86,43,41,-1,86,r
74,86,81,42,42,5,84,r
74,88,90,42,42,1,87,r
74,86,80,42,41,3,85,r
74,88,93,43,42,0,87,r
74,84,69,42,41,1,86,r
74,88,90,43,42,0,87,r
75,85,72,42,41,1,86,r
74,88,89,43,42,0,85,r
74,86,82,43,42,0,84,r
74,86,83,42,42,-2,85,r
74,88,90,43,42,-3,85,r
74,86,80,42,42,0,87,r
75,88,93,43,42,-1,85,r
74,86,76,43,41,-1,86,r
74,89,91,43,42,-2,86,r
75,85,71,42,41,0,88,r
75,88,89,43,42,0,87,r
74,85,76,42,42,0,88,r
74,87,85,43,42,-2,86,r
74,87,86,43,42,0,89,r
74,86,80,43,41,1,88,r
74,88,91,43,42,-1,88,r
74,86,80,43,42,0,88,r
74,88,94,43,42,0,89,r
74,84,69,42,42,0,89,r
74,88,90,43,42,0,89,r
74,85,73,42,42,0,88,r
74,88,88,43,42,0,89,r
75,87,84,43,42,0,87,r
74,87,83,43,42,0,88,r
74,88,89,43,42,-1,88,r
74,86,81,43,42,-1,88,r
74,89,92,43,42,-1,88,r
74,85,74,42,41,1,87,r
74,88,91,43,42,3,86,r
74,84,72,42,42,1,88,r
74,88,89,43,42,3,86,r
75,85,78,42,42,1,88,r
74,87,84,42,42,1,88,r
75,88,87,43,42,0,89,r
75,87,80,42,42,0,88,r
75,88,91,43,42,1,87,r
75,86,81,42,42,0,87,r
75,89,92,44,42,0,86,r
75,85,70,41,41,0,85,r
74,88,90,43,42,0,85,r
75,85,75,41,41,0,84,r
75,88,88,43,42,0,86,r
75,87,85,43,42,0,85,r
74,86,83,42,42,0,84,r
75,88,89,45,42,3,85,r
74,86,80,42,42,2,86,r
74,88,93,43,42,5,83,r
74,85,73,42,42,4,85,r
75,88,91,43,42,3,85,r
74,85,74,42,42,0,87,r
74,88,89,44,42,1,86,r
74,86,80,42,42,4,85,r
75,87,83,42,42,5,84,r
75,87,88,43,42,5,84,r
74,86,82,42,42,7,82,r
74,88,91,43,42,4,85,r
75,86,82,42,42,3,85,r
75,88,91,44,42,5,84,r
74,85,73,40,42,2,87,r
75,88,89,44,42,3,86,r
75,85,77,41,42,0,87,r
75,88,86,43,42,1,88,r
75,88,86,42,42,1,88,r
75,87,83,42,42,0,89,r
75,88,90,43,42,0,89,r
74,87,82,42,42,2,87,r
75,88,94,44,42,0,88,r
75,85,75,40,41,0,89,r
74,88,90,43,42,0,89,r
75,86,77,39,42,0,88,r
75,88,89,43,42,2,87,r
75,87,82,41,42,0,89,r
75,87,83,42,42,2,87,r
75,88,89,43,42,0,88,r
75,87,82,41,42,5,84,r
75,88,91,43,42,2,87,r
74,86,80,41,42,7,82,r
75,88,91,43,42,1,88,r
75,85,74,40,42,6,83,r
75,88,89,43,42,4,85,r
75,85,78,40,42,7,82,r
75,87,86,43,42,4,85,r
75,87,86,42,42,7,82,r
75,86,82,42,42,7,82,r
75,88,90,44,42,5,84,r
75,86,81,41,42,7,82,r
75,89,93,44,42,6,83,r
74,85,73,39,42,1,87,r
75,88,90,44,42,6,83,r
75,85,76,40,42,1,86,r
75,88,89,43,42,6,83,r
75,86,83,42,42,3,85,r
75,87,84,42,42,4,85,r
75,88,89,43,42,3,85,r
75,86,82,41,42,2,86,r
75,88,92,43,42,3,85,r
75,86,79,40,42,2,85,r
75,89,91,43,42,2,86,r
75,85,75,40,42,1,86,r
75,88,92,43,42,5,83,r
74,86,79,41,42,4,85,r
75,87,86,42,42,3,85,r
75,87,87,42,42,6,83,r
75,86,82,42,42,4,84,r
75,88,91,43,42,4,84,r
75,86,81,41,43,3,85,r
75,89,92,43,42,4,84,r
75,85,74,40,42,4,84,r
75,88,90,43,42,3,85,r
75,85,77,40,42,3,85,r
75,88,88,43,43,3,84,r
75,87,84,42,42,3,86,r
75,87,84,42,42,3,85,r
71,36,36,40,40,-4,81,s
71,37,49,41,40,-5,81,s
71,36,42,40,40,-2,83,s
71,37,45,40,40,-3,83,s
71,37,48,41,41,-5,81,s
71,37,43,40,41,-4,80,s
71,37,50,40,42,-5,81,s
71,37,42,40,42,-5,83,s
71,38,52,41,42,-5,82,s
71,35,34,41,42,-6,80,s
71,37,49,41,42,-9,79,s
71,36,37,41,42,1,85,s
71,37,47,41,42,-6,82,s
71,37,46,41,42,1,82,s
71,36,42,41,42,-5,82,s
71,38,51,41,42,-2,84,s
71,37,41,41,42,-3,85,s
70,38,52,40,42,-2,85,s
71,35,34,40,41,-1,85,s
70,38,49,41,41,-2,82,s
70,36,36,40,41,-2,83,s
70,37,49,41,41,-2,84,s
70,37,44,41,41,-1,87,s
70,37,44,41,41,-3,84,s
71,38,50,41,41,-3,82,s
70,37,42,41,41,-2,83,s
70,39,53,41,41,-4,84,s
70,36,36,40,41,-3,85,s
71,37,51,42,41,-7,82,s
70,36,35,41,41,-6,82,s
70,38,49,41,41,-4,83,s
70,36,40,41,41,-5,83,s
70,38,44,41,41,-5,83,s
71,37,49,41,42,-6,82,s
71,37,42,41,41,-4,81,s
70,38,51,41,42,-6,82,s
71,36,41,41,41,-4,83,s
71,38,50,41,42,-6,81,s
71,36,34,41,42,-5,82,s
70,37,49,41,42,-7,81,s
71,36,37,41,42,-4,83,s
71,37,46,41,42,-5,84,s
71,37,47,41,42,-3,85,s
70,36,43,41,42,-2,84,s
70,37,50,41,42,-5,82,s
71,37,41,41,42,0,87,s
70,38,53,41,42,-2,86,s
71,36,33,41,41,0,86,s
71,37,50,41,41,-3,85,s
71,36,39,41,41,-1,85,s
71,38,48,41,41,-3,84,s
71,37,45,41,41,-2,84,s
71,37,44,41,42,-2,85,s
71,37,50,41,41,-2,85,s
71,37,42,41,41,-3,84,s
71,38,52,41,41,-2,86,s
71,37,35,42,41,-3,85,s
70,38,50,41,42,-3,85,s
71,36,35,41,42,-1,85,s
71,38,49,41,42,-1,85,s
71,37,40,41,42,-5,82,s
71,37,43,41,42,-7,82,s
71,37,49,41,42,-5,83,s
71,37,42,42,42,-4,83,s
71,38,51,42,42,-7,81,s
71,37,39,41,42,-4,84,s
70,37,51,42,42,-3,86,s
71,37,33,41,43,-4,85,s
71,38,49,41,42,-5,83,s
71,36,36,41,42,-4,83,s
71,37,46,41,43,-2,84,s
71,37,46,41,42,-3,84,s
71,38,42,41,43,-7,81,s
71,38,49,42,43,-4,83,s
71,37,42,41,43,-5,83,s
71,38,53,41,42,-2,83,s
71,37,32,41,43,-4,84,s
71,38,49,41,43,0,83,s
71,36,37,41,43,-11,76,s
71,38,48,41,43,-2,78,s
71,37,46,41,44,-4,79,s
71,37,44,41,44,-5,82,s
71,38,50,41,44,-3,83,s
70,37,42,41,44,-8,79,s
71,38,53,41,44,-2,83,s
71,37,36,41,44,-2,84,s
71,38,50,41,44,-6,81,s
71,37,36,41,44,-1,82,s
71,38,49,41,44,-3,83,s
71,38,43,41,44,0,87,s
71,38,44,41,44,-5,84,s
68,38,50,42,44,-2,84,s
71,38,43,42,44,-3,84,s
71,38,52,42,44,0,87,s
71,37,40,41,44,-2,87,s
71,38,51,41,44,-2,87,s
71,36,36,41,44,-1,86,s
70,38,49,42,44,0,87,s
71,37,40,41,44,-3,86,s
70,38,46,42,44,0,87,s
70,38,48,41,44,-1,87,s
70,38,43,41,44,2,86,s
70,38,50,41,44,-8,81,s
70,38,42,41,44,-2,86,s
70,38,52,42,44,-2,86,s
70,36,35,41,45,-4,85,s
71,38,50,41,44,-3,86,s
70,37,38,41,45,-3,85,s
70,38,48,41,44,-4,84,s
70,38,47,42,45,-2,87,s
70,38,44,42,44,-2,87,s
70,38,51,42,45,-3,85,s
70,38,44,42,44,-4,84,s
70,39,53,42,45,-3,86,s
70,37,35,42,44,-6,83,s
70,39,51,42,45,-3,86,s
70,38,37,42,45,-5,84,s
70,39,50,42,45,-1,87,s
69,38,44,42,45,-1,88,s
69,38,45,42,45,-1,88,s
70,38,50,42,45,-3,86,s
69,38,42,42,45,-2,87,s
70,39,53,42,45,-2,87,s
70,38,39,42,45,-3,86,s
70,39,51,42,45,-5,84,s
71,38,37,41,45,-6,83,s
70,39,50,42,45,-2,87,s
70,38,41,42,45,-5,84,s
69,38,46,41,45,-4,85,s
70,39,48,42,45,-5,83,s
70,39,43,42,45,-1,88,s
70,39,51,41,45,-3,86,s
70,39,44,41,45,-6,83,s
70,39,53,42,45,-6,83,s
70,38,36,41,45,-3,85,s
70,39,51,42,45,-4,85,s
70,38,39,43,45,-6,83,s
70,39,49,42,45,-6,83,s
70,40,48,41,45,-6,82,s
70,38,45,42,45,0,85,s
70,39,52,42,46,-5,81,s
70,38,44,42,45,-4,82,s
70,39,54,42,46,-5,83,s
70,37,36,41,45,-3,85,s
70,39,51,42,46,-3,83,s
70,38,39,41,45,-6,82,s
70,39,50,42,45,-4,85,s
70,38,47,42,45,-4,84,s
70,38,45,42,45,0,84,s
71,39,52,42,45,-4,83,s
72,68,51,54,44,-3,80,t
72,67,47,52,44,-1,80,t
72,67,55,54,45,-5,79,t
72,66,45,54,44,-4,80,t
72,67,58,54,44,-3,79,t
72,66,36,54,44,-3,79,t
72,67,55,54,45,-1,80,t
72,66,39,55,45,-2,79,t
72,67,54,54,45,-5,78,t
72,66,48,55,45,-4,78,t
72,67,48,54,45,-3,78,t
72,67,55,54,44,-5,77,t
72,67,48,55,45,-5,78,t
72,67,58,55,45,-5,79,t
72,66,41,54,45,-2,79,t
72,67,56,54,45,-4,78,t
72,66,38,54,45,5,76,t
72,67,54,54,45,-3,78,t
72,66,44,54,45,0,80,t
72,66,49,54,45,-3,82,t
72,67,53,54,45,0,82,t
72,66,47,54,45,0,82,t
72,67,56,55,45,0,82,t
72,66,47,55,45,-2,82,t
72,67,57,54,45,0,82,t
72,66,37,54,45,0,81,t
72,67,54,55,45,0,81,t
72,66,41,55,45,3,80,t
72,67,52,55,44,-1,82,t
72,67,51,55,45,-1,82,t
72,66,48,54,45,-2,81,t
72,67,56,54,44,-2,82,t
72,67,47,54,45,-2,82,t
72,67,58,54,45,-1,83,t
72,66,36,55,44,-1,85,t
72,67,55,54,45,-2,86,t
72,66,39,54,45,-1,87,t
72,67,54,54,44,-5,84,t
72,66,48,54,45,7,80,t
72,66,48,55,45,-5,84,t
72,67,55,54,45,8,80,t
72,66,46,55,45,0,84,t
72,67,58,55,46,3,82,t
72,66,40,54,45,0,85,t
72,67,56,54,46,1,86,t
72,66,38,55,45,1,86,t
72,67,54,54,45,1,84,t
72,66,45,55,45,-4,83,t
72,67,50,54,45,-2,84,t
72,67,53,55,45,-4,83,t
72,67,47,54,46,-1,83,t
72,67,56,55,45,-3,83,t
72,66,46,55,45,-4,82,t
72,67,56,55,45,-6,80,t
72,66,37,55,45,-7,81,t
72,67,55,55,45,-3,81,t
72,67,45,55,45,-3,81,t
72,67,52,55,45,0,81,t
72,67,52,55,45,0,83,t
71,67,47,55,45,1,82,t
72,67,55,55,46,0,84,t
72,67,46,55,46,0,84,t
71,67,59,54,46,0,85,t
71,66,36,55,46,0,85,t
72,67,55,55,45,0,85,t
72,67,40,55,46,0,86,t
72,67,54,55,45,0,86,t
72,67,50,55,45,-3,85,t
72,68,48,54,46,-2,85,t
72,67,54,54,46,1,86,t
71,67,47,54,46,0,87,t
72,67,58,54,46,-3,84,t
72,67,39,55,46,-3,83,t
72,68,55,54,46,-3,83,t
72,66,39,55,46,-5,81,t
72,68,54,55,46,-1,84,t
72,67,45,55,46,-1,83,t
72,67,49,55,46,2,83,t
72,67,54,55,46,-2,84,t
72,68,46,55,46,5,81,t
72,68,58,55,46,0,83,t
72,67,43,54,45,1,85,t
72,67,56,55,46,0,85,t
71,66,38,55,46,0,88,t
72,68,54,55,46,0,86,t
72,67,42,55,46,-1,86,t
72,67,51,55,46,-1,85,t
72,67,51,55,46,-1,86,t
72,67,46,55,46,0,87,t
71,67,54,54,46,-1,85,t
72,67,46,55,46,-2,86,t
72,68,56,54,46,-2,87,t
72,67,35,54,46,0,88,t
72,68,54,55,46,-1,88,t
72,67,0,55,46,1,88,t
72,67,0,55,46,-4,85,t
72,67,0,55,46,-3,86,t
72,67,0,55,46,-3,85,t
71,68,0,55,46,-1,85,t
72,67,0,55,46,-4,84,t
72,68,2,55,46,-2,85,t
71,67,0,54,46,-6,83,t
72,68,0,54,46,-2,85,t
72,67,0,55,46,-3,84,t
72,67,0,54,46,-5,82,t
72,67,32,55,46,-4,81,t
72,67,35,55,46,-2,83,t
72,68,42,55,46,-1,83,t
72,67,33,54,46,0,83,t
72,68,45,54,46,-1,82,t
72,67,25,55,46,0,82,t
72,67,45,55,46,1,83,t
72,67,23,55,46,0,83,t
72,68,42,55,46,0,83,t
72,67,28,55,46,1,83,t
72,67,37,55,46,0,83,t
71,66,39,54,46,-2,84,t
72,67,31,54,46,0,85,t
72,68,44,55,46,-3,84,t
72,67,31,55,46,0,84,t
72,68,45,55,46,0,84,t
72,67,20,55,46,-1,84,t
72,67,41,55,46,-3,82,t
72,67,24,55,46,-1,81,t
72,67,38,55,46,0,81,t
72,68,36,55,46,0,80,t
72,67,30,54,46,0,82,t
72,68,42,55,46,0,83,t
72,67,28,55,46,0,83,t
72,67,45,55,46,1,84,t
72,66,17,55,46,0,85,t
72,68,39,55,46,-1,85,t
72,67,20,55,46,-2,85,t
72,68,38,54,46,1,85,t
72,67,33,54,46,-2,83,t
72,67,31,54,46,0,86,t
72,68,40,55,46,0,85,t
72,67,30,54,46,-5,82,t
72,68,46,54,46,1,85,t
72,67,22,54,46,-3,84,t
72,67,43,55,46,5,81,t
72,67,23,55,46,-2,84,t
72,68,42,56,46,1,85,t
72,67,29,55,46,0,86,t
72,67,34,54,46,2,85,t
72,67,40,54,46,3,83,t
72,68,34,54,46,0,86,t
72,68,46,55,46,0,85,t
72,68,29,55,46,-1,85,t
72,68,45,54,47,0,85,t
75,85,91,40,50,4,83,u
76,86,91,40,51,-1,87,u
76,85,91,40,50,3,86,u
76,86,91,41,50,2,86,u
76,85,90,38,49,3,85,u
76,85,91,40,50,1,86,u
76,85,90,39,50,1,87,u
76,85,91,41,51,0,85,u
76,86,91,41,51,0,87,u
76,86,91,40,50,0,87,u
76,85,91,40,51,0,87,u
76,85,91,40,51,5,84,u
76,86,91,41,51,2,85,u
76,84,90,38,50,0,87,u
76,85,91,41,50,2,86,u
77,85,91,39,51,-2,84,u
76,85,91,41,51,15,74,u
76,85,91,39,50,1,86,u
76,85,91,40,50,12,77,u
76,85,91,40,51,6,83,u
76,85,90,40,50,9,79,u
76,86,91,40,51,4,83,u
76,85,91,39,50,6,82,u
76,86,91,41,51,2,85,u
76,85,91,38,50,5,82,u
76,85,90,40,51,1,82,u
77,85,91,39,51,1,84,u
76,85,92,40,50,0,82,u
76,86,91,40,51,2,80,u
76,85,91,40,51,2,80,u
77,86,90,41,51,0,83,u
76,85,91,40,50,1,84,u
76,86,91,40,51,4,82,u
77,85,90,38,50,4,81,u
77,85,91,41,51,2,83,u
76,85,91,39,50,2,85,u
77,86,91,41,51,1,84,u
77,86,91,41,51,0,83,u
77,85,91,41,50,4,82,u
77,85,91,41,51,4,81,u
76,85,91,41,50,7,80,u
77,86,92,41,51,6,79,u
77,85,90,40,50,3,81,u
77,86,91,40,51,3,82,u
77,85,90,38,50,4,81,u
77,85,91,40,51,3,80,u
77,85,91,40,51,3,80,u
77,86,91,40,51,4,79,u
77,85,91,41,51,3,81,u
77,85,91,40,50,5,79,u
77,86,91,41,51,3,82,u
77,85,90,40,50,4,84,u
77,86,91,41,51,3,83,u
77,85,91,40,50,3,80,u
76,86,91,41,51,3,81,u
77,85,91,40,51,2,83,u
77,85,91,40,51,4,83,u
77,86,91,41,51,2,82,u
77,85,91,41,51,3,82,u
77,86,91,41,51,3,82,u
76,85,91,41,51,3,83,u
77,86,91,42,51,3,81,u
77,84,90,40,51,3,81,u
77,86,91,41,51,2,83,u
77,85,90,40,51,2,83,u
77,86,91,42,51,3,82,u
77,85,91,41,51,3,81,u
76,85,90,41,51,1,82,u
77,86,92,42,52,2,83,u
76,85,91,41,51,4,82,u
77,86,91,41,51,4,81,u
76,85,91,40,50,1,82,u
76,86,91,42,51,2,83,u
76,85,91,40,50,2,83,u
77,85,91,41,51,3,82,u
76,86,91,41,51,2,83,u
77,85,91,40,51,3,83,u
77,86,92,41,51,2,83,u
76,85,91,40,51,3,82,u
76,86,91,42,51,1,82,u
76,85,91,39,51,1,84,u
77,85,91,41,51,2,85,u
76,85,91,40,51,3,82,u
76,86,91,42,51,2,81,u
76,85,91,41,51,1,83,u
77,85,91,41,51,1,82,u
77,85,91,41,52,4,81,u
77,86,91,41,51,1,82,u
77,86,91,41,52,0,84,u
77,85,91,41,51,1,83,u
77,86,92,41,51,3,84,u
77,85,91,40,51,1,83,u
77,86,91,41,51,0,84,u
77,85,91,40,51,0,84,u
77,86,91,41,51,3,83,u
77,86,92,40,51,3,81,u
78,86,90,40,51,-2,80,u
77,86,91,41,52,0,84,u
78,85,91,40,51,0,84,u
77,86,92,41,51,0,82,u
77,85,91,39,51,0,81,u
77,86,92,41,51,0,82,u
77,85,91,39,51,3,83,u
77,86,91,40,51,3,81,u
77,86,92,40,51,3,83,u
77,85,91,40,51,0,84,u
77,86,92,40,51,1,82,u
77,85,91,40,52,4,81,u
77,86,91,41,52,2,81,u
77,85,90,39,51,4,84,u
77,86,91,41,51,3,84,u
77,85,91,39,51,6,80,u
78,86,91,41,51,4,82,u
77,85,91,40,51,1,82,u
77,85,91,41,51,4,83,u
77,85,91,40,51,2,83,u
77,85,91,41,51,3,82,u
77,86,91,41,52,1,83,u
77,85,91,39,51,0,85,u
77,86,92,41,51,1,83,u
77,85,91,40,51,4,80,u
77,86,91,41,51,1,83,u
77,85,91,40,52,-2,84,u
77,86,91,41,51,2,82,u
77,86,91,41,51,0,80,u
78,86,91,40,51,2,82,u
77,86,92,41,52,0,85,u
77,86,91,40,51,0,84,u
77,86,91,41,51,1,81,u
77,86,91,38,51,0,80,u
77,86,91,40,51,2,82,u
77,85,91,39,51,2,82,u
77,86,91,41,51,-1,85,u
77,86,91,41,51,0,85,u
77,85,91,40,51,0,84,u
77,86,91,41,52,2,82,u
77,85,91,40,51,2,81,u
77,86,91,41,52,1,83,u
78,85,91,39,51,0,86,u
77,86,91,42,51,2,83,u
78,85,91,39,52,3,82,u
77,86,91,41,52,1,82,u
78,86,94,40,52,-1,85,u
78,86,91,40,51,0,84,u
78,86,91,41,52,1,82,u
78,86,91,40,51,0,81,u
78,86,91,41,51,-1,86,u
78,85,91,39,51,-2,82,u
78,86,91,41,51,0,81,u
78,86,91,39,52,0,79,u
74,84,89,43,54,6,75,v
74,86,91,43,55,5,76,v
75,85,91,44,54,5,75,v
74,85,91,43,54,6,74,v
75,85,91,44,55,5,75,v
75,85,90,44,54,5,76,v
75,86,92,44,55,4,77,v
74,84,90,43,54,5,78,v
75,86,91,44,55,3,78,v
75,84,90,43,55,5,77,v
75,86,91,43,54,5,78,v
75,85,90,42,54,6,76,v
75,86,91,42,54,4,76,v
75,86,92,43,55,4,76,v
75,85,91,43,55,4,78,v
75,86,92,43,55,5,77,v
75,85,90,42,54,5,75,v
75,86,91,43,54,5,75,v
75,84,89,42,54,4,75,v
75,86,91,43,55,5,76,v
76,84,90,42,55,6,75,v
75,86,91,43,54,4,74,v
75,86,91,42,55,8,74,v
75,85,90,42,55,6,76,v
75,86,91,43,55,7,75,v
75,85,90,42,54,5,75,v
75,87,92,43,55,6,74,v
75,84,90,42,55,5,75,v
75,86,92,43,55,5,74,v
75,84,90,43,55,6,74,v
75,85,91,42,55,6,74,v
75,85,91,42,55,5,75,v
75,85,91,42,55,5,75,v
75,85,90,43,55,6,75,v
75,84,90,43,55,5,75,v
74,86,91,43,55,2,76,v
75,85,89,42,55,3,76,v
75,86,91,43,55,5,76,v
75,84,90,42,55,5,76,v
75,86,91,43,55,6,76,v
75,85,91,43,55,6,77,v
75,85,91,43,55,6,75,v
75,86,91,43,55,6,78,v
75,85,91,43,55,4,78,v
73,86,91,43,55,6,77,v
74,84,90,43,54,4,79,v
75,86,91,44,55,4,77,v
74,84,89,43,55,2,78,v
75,86,92,44,55,9,75,v
75,85,90,43,55,6,76,v
74,86,88,43,55,10,75,v
75,86,91,43,55,7,78,v
75,85,91,43,55,8,77,v
74,86,92,44,56,8,78,v
75,84,90,43,55,8,76,v
75,86,91,44,55,7,77,v
74,84,89,43,55,7,77,v
74,86,91,44,56,9,77,v
74,85,90,44,56,7,78,v
74,86,91,43,55,6,80,v
74,85,91,43,56,5,79,v
75,85,91,43,56,6,79,v
74,86,92,44,56,4,80,v
75,85,91,43,55,6,79,v
74,86,91,43,56,9,77,v
74,84,89,42,55,5,77,v
75,86,92,42,56,8,75,v
75,85,88,43,55,6,75,v
74,85,91,43,56,9,74,v
74,85,91,43,55,7,74,v
74,85,91,43,55,8,75,v
74,86,91,43,55,8,73,v
74,85,90,43,55,7,75,v
74,86,92,43,56,9,74,v
74,84,88,42,55,6,76,v
74,86,92,43,56,7,76,v
75,84,88,43,55,6,78,v
74,86,91,43,56,6,79,v
74,85,90,43,56,7,78,v
74,85,91,43,55,6,78,v
75,86,91,43,56,6,77,v
74,85,90,44,55,4,78,v
75,86,91,44,56,7,77,v
74,84,89,43,55,4,80,v
75,86,92,44,56,4,80,v
75,84,88,43,55,5,79,v
75,86,91,44,56,5,78,v
75,85,90,43,56,6,78,v
75,85,91,43,55,5,79,v
75,86,91,43,56,6,81,v
75,85,90,43,55,5,79,v
75,86,91,44,56,8,78,v
73,84,89,43,56,8,77,v
75,86,91,44,56,9,76,v
74,84,88,43,56,8,77,v
75,86,91,44,56,7,77,v
75,85,90,44,56,5,79,v
75,86,91,44,56,6,81,v
75,86,91,44,56,4,82,v
75,86,91,44,56,9,75,v
75,86,91,45,56,6,78,v
75,85,90,43,56,4,79,v
75,86,91,44,56,5,79,v
75,84,89,43,56,6,77,v
75,86,91,44,56,8,78,v
75,85,89,43,56,7,78,v
75,86,91,44,56,7,80,v
75,85,90,43,56,6,78,v
75,85,91,43,56,7,77,v
75,86,92,44,56,6,78,v
75,86,91,43,56,6,79,v
75,86,91,44,56,6,79,v
75,84,89,43,56,4,78,v
75,86,91,44,56,5,79,v
74,85,89,43,56,5,77,v
75,86,91,44,56,6,75,v
75,85,90,44,56,5,76,v
75,85,91,44,55,5,76,v
75,85,91,44,56,6,76,v
75,85,90,44,56,5,78,v
74,86,92,44,56,5,76,v
74,85,90,44,56,8,76,v
75,86,91,44,56,8,78,v
74,85,89,44,56,4,82,v
74,86,92,44,56,7,77,v
74,85,90,44,56,4,80,v
74,85,91,44,57,7,79,v
74,86,92,44,56,5,80,v
74,85,91,44,56,5,79,v
74,86,92,44,56,5,80,v
74,84,90,44,56,4,80,v
74,86,91,45,56,5,80,v
74,85,89,44,56,6,79,v
74,86,91,44,56,10,76,v
75,85,90,44,56,4,81,v
74,86,91,44,56,6,81,v
74,86,91,45,57,5,80,v
75,86,91,44,56,7,78,v
75,86,92,44,56,5,78,v
74,85,90,43,56,6,80,v
75,86,91,44,56,5,79,v
75,84,89,43,56,5,78,v
75,86,92,44,56,5,78,v
75,85,88,44,56,8,76,v
75,86,91,44,56,6,77,v
74,85,91,44,56,6,79,v
74,85,91,44,56,5,79,v
75,86,91,44,56,4,79,v
75,85,90,44,56,7,78,v
75,86,91,44,56,5,81,v
74,84,88,87,47,5,80,w
75,86,89,86,47,8,78,w
75,85,88,86,47,0,82,w
75,86,89,87,47,5,80,w
75,87,88,86,47,5,78,w
75,85,89,87,47,5,81,w
75,85,89,87,47,5,80,w
75,85,89,86,47,10,77,w
75,86,89,87,48,9,77,w
75,85,89,87,47,9,76,w
75,86,89,87,47,5,81,w
75,85,88,86,47,5,80,w
75,86,88,87,48,2,81,w
75,85,88,87,48,2,79,w
75,85,89,87,47,4,78,w
75,85,89,87,48,1,80,w
75,85,89,87,47,3,78,w
75,86,90,87,48,2,79,w
75,85,88,87,47,0,80,w
76,86,89,86,48,2,80,w
75,84,88,87,47,7,77,w
75,86,89,87,47,4,80,w
75,85,88,86,47,5,78,w
75,85,89,87,47,7,75,w
75,85,89,87,47,9,74,w
75,85,89,87,47,8,74,w
75,86,89,87,48,13,73,w
75,85,89,86,47,9,76,w
75,86,89,87,48,9,78,w
75,85,88,87,47,6,79,w
75,86,89,86,48,6,78,w
75,85,88,87,47,6,76,w
75,85,89,87,48,4,78,w
75,85,89,87,48,2,82,w
75,85,89,87,47,1,82,w
75,86,90,86,48,5,81,w
75,85,88,87,47,7,80,w
75,86,90,87,48,9,79,w
75,85,88,86,47,9,80,w
75,86,90,86,48,7,81,w
75,85,88,86,48,3,81,w
75,86,89,87,47,4,80,w
75,86,89,87,48,0,81,w
75,85,89,86,47,3,82,w
75,85,90,87,48,-1,81,w
75,85,89,87,47,4,82,w
75,86,90,87,48,4,80,w
75,85,88,87,47,5,78,w
75,86,89,87,48,2,79,w
75,84,88,87,47,5,77,w
75,86,89,86,47,1,76,w
75,85,89,87,48,6,77,w
75,86,88,87,48,3,79,w
75,86,89,87,48,10,76,w
75,85,89,87,47,7,77,w
75,86,89,87,48,3,81,w
75,85,88,87,47,4,79,w
75,85,89,87,48,2,79,w
75,85,88,87,48,4,79,w
75,85,89,87,48,1,81,w
75,85,88,87,48,0,81,w
75,85,89,87,48,1,80,w
75,86,89,87,48,1,80,w
75,85,89,87,47,3,79,w
75,86,89,87,48,4,80,w
75,85,89,87,47,8,76,w
75,86,90,87,48,5,76,w
75,85,88,86,47,6,75,w
75,86,89,87,48,2,76,w
75,85,89,87,48,6,76,w
75,85,89,86,48,4,77,w
75,85,89,87,48,3,77,w
75,85,89,86,48,3,80,w
75,86,90,87,48,6,79,w
75,85,89,86,48,3,82,w
75,86,89,87,48,5,81,w
75,85,88,87,47,7,80,w
75,86,89,87,48,5,82,w
75,85,88,87,48,6,82,w
75,85,89,87,48,6,81,w
75,86,89,87,48,7,80,w
74,84,89,86,48,4,83,w
75,85,89,86,48,7,80,w
75,85,88,87,48,4,81,w
75,86,89,87,48,5,81,w
75,85,88,87,48,1,83,w
75,86,89,86,48,0,81,w
75,85,87,87,48,0,79,w
75,86,89,87,48,0,79,w
75,86,90,86,48,0,77,w
75,85,89,87,48,1,78,w
75,85,90,87,48,7,78,w
75,85,89,87,48,2,80,w
75,86,89,87,48,5,77,w
75,85,88,86,47,6,79,w
75,86,89,87,48,4,81,w
76,85,89,87,48,7,78,w
75,86,89,87,48,6,76,w
76,85,89,87,48,6,78,w
75,85,89,87,47,7,80,w
75,86,89,87,48,7,79,w
75,85,89,87,48,5,81,w
75,86,89,87,48,0,82,w
75,84,88,87,48,0,83,w
76,86,89,87,48,1,84,w
76,85,88,86,48,0,85,w
75,86,89,87,48,2,81,w
76,85,89,87,48,4,81,w
75,85,88,86,48,2,83,w
75,85,89,86,48,5,81,w
75,85,88,86,48,5,82,w
75,85,89,86,48,6,81,w
74,84,88,86,48,1,85,w
75,85,89,86,48,2,83,w
75,84,88,86,48,2,81,w
75,85,88,86,48,3,81,w
75,85,88,86,48,1,82,w
76,85,89,87,48,1,82,w
76,85,89,87,48,3,84,w
75,85,89,87,48,2,83,w
75,86,89,87,48,4,82,w
75,85,89,86,48,2,84,w
76,86,89,87,48,5,83,w
75,85,88,87,48,6,81,w
76,86,89,86,48,7,80,w
76,85,90,87,48,5,81,w
75,85,89,86,48,5,81,w
75,85,89,87,48,4,81,w
75,85,88,87,48,3,83,w
76,86,89,87,48,3,83,w
76,85,89,86,48,2,83,w
76,86,89,87,48,3,83,w
76,85,88,86,48,4,82,w
76,86,89,87,48,1,83,w
76,85,88,87,48,2,83,w
76,86,89,87,48,2,84,w
76,85,89,87,48,1,83,w
76,85,89,87,48,1,81,w
75,86,89,86,48,5,80,w
76,85,89,87,48,9,78,w
76,85,89,87,48,6,78,w
76,85,88,86,48,7,78,w
76,86,89,87,48,5,79,w
76,85,88,87,48,6,78,w
76,86,89,87,48,5,80,w
76,85,89,87,48,3,80,w
76,85,89,87,48,5,80,w
77,86,89,87,48,3,83,w
76,84,88,86,48,3,84,w
76,86,89,87,48,2,85,w
74,52,55,46,45,3,86,x
73,51,36,43,45,3,85,x
74,52,53,46,45,5,84,x
74,51,39,44,45,4,85,x
74,52,51,46,45,3,86,x
74,52,47,45,45,4,85,x
74,51,46,45,45,14,74,x
74,51,53,46,45,7,82,x
74,51,45,45,45,12,76,x
74,52,55,46,46,3,86,x
73,51,40,44,45,11,78,x
73,52,53,46,45,6,83,x
74,51,38,44,46,7,82,x
74,52,52,46,46,6,83,x
73,52,43,44,46,6,82,x
74,52,48,46,46,4,84,x
74,52,51,46,46,5,83,x
74,51,45,46,46,3,85,x
74,52,53,46,46,6,82,x
74,52,45,45,46,2,86,x
75,52,53,46,46,3,84,x
75,51,38,42,46,5,82,x
76,52,51,46,46,3,86,x
76,52,40,43,45,3,85,x
76,52,50,45,46,4,85,x
76,52,49,44,46,3,86,x
76,52,45,44,45,5,83,x
76,53,52,45,46,7,81,x
76,52,45,44,46,3,86,x
76,53,55,46,46,11,78,x
76,51,37,42,46,7,81,x
76,52,52,46,46,7,82,x
75,52,39,43,46,8,80,x
76,53,50,45,46,7,81,x
75,53,46,45,46,10,78,x
75,52,47,45,46,7,81,x
75,52,51,46,46,9,79,x
75,52,45,44,46,8,81,x
75,52,54,46,46,9,80,x
75,52,42,44,46,6,82,x
75,53,53,46,47,7,82,x
75,52,38,43,46,7,82,x
75,52,51,46,46,7,81,x
75,52,42,44,46,7,82,x
74,53,48,46,46,8,81,x
75,52,50,45,46,11,78,x
75,52,45,44,46,8,81,x
75,52,53,46,46,8,81,x
75,52,44,44,46,7,82,x
75,53,54,46,46,7,82,x
75,52,37,42,46,9,80,x
75,52,52,46,46,9,80,x
75,52,40,43,46,11,78,x
75,53,51,46,46,8,81,x
75,52,48,45,46,8,81,x
75,52,46,44,46,5,84,x
75,53,52,46,46,10,79,x
75,53,46,45,46,8,81,x
76,53,55,46,46,7,82,x
76,52,38,43,46,6,83,x
76,53,53,46,46,8,81,x
76,52,39,43,46,8,81,x
75,53,50,46,46,9,80,x
74,52,44,44,46,5,84,x
76,53,46,45,46,7,82,x
77,53,51,46,46,4,85,x
76,53,45,44,46,5,84,x
76,53,53,46,46,9,80,x
76,53,43,44,47,6,83,x
76,53,54,46,46,3,85,x
76,53,37,43,46,8,81,x
76,54,52,46,46,4,85,x
76,53,40,44,46,5,84,x
76,53,49,46,46,8,81,x
76,53,50,46,46,2,87,x
76,53,45,45,47,9,80,x
76,53,53,46,46,10,79,x
76,53,44,45,46,12,77,x
76,53,55,47,47,10,79,x
76,53,36,43,46,9,80,x
76,54,52,46,47,12,77,x
76,53,40,44,46,11,78,x
76,53,51,46,47,8,81,x
76,53,47,45,47,9,80,x
76,53,47,46,47,11,78,x
76,53,52,47,47,13,76,x
76,53,45,45,47,11,77,x
75,53,54,46,47,9,78,x
76,53,42,45,46,7,81,x
76,54,53,47,47,5,83,x
75,53,39,44,46,5,82,x
75,54,51,46,47,7,82,x
76,53,43,44,46,2,86,x
76,53,47,45,47,6,83,x
76,53,50,45,47,0,89,x
76,53,43,45,46,4,85,x
76,53,52,45,47,7,82,x
76,54,44,44,46,6,83,x
76,54,52,46,46,11,77,x
76,53,37,42,46,9,80,x
76,54,51,46,46,9,79,x
76,53,41,44,46,8,81,x
76,54,50,46,46,11,78,x
76,54,48,45,46,9,80,x
76,54,45,45,46,11,78,x
76,54,52,46,46,10,79,x
76,53,46,44,46,11,78,x
76,54,54,46,46,3,86,x
76,54,38,43,46,9,80,x
76,53,52,45,46,5,84,x
76,53,40,43,45,7,82,x
76,54,51,46,46,4,85,x
76,54,45,44,46,6,83,x
76,54,47,45,46,6,83,x
76,55,51,45,46,7,82,x
76,54,45,44,46,9,79,x
76,55,54,46,46,5,83,x
76,54,43,44,46,8,81,x
76,54,53,46,46,6,82,x
76,54,38,43,46,10,78,x
76,55,51,46,46,11,78,x
75,54,42,43,46,11,77,x
76,54,49,46,46,10,78,x
76,55,49,45,46,9,79,x
76,54,45,45,46,15,74,x
75,54,53,46,47,9,80,x
75,54,44,45,46,9,80,x
75,54,55,47,47,10,79,x
76,54,36,44,46,9,80,x
75,55,52,47,46,10,79,x
75,54,39,44,46,10,79,x
75,55,50,46,46,10,79,x
75,55,47,45,46,10,79,x
76,55,46,45,46,11,78,x
75,55,51,46,47,4,84,x
74,54,45,45,47,4,84,x
75,55,54,46,46,5,84,x
75,54,40,45,46,6,83,x
75,55,53,46,47,5,83,x
75,55,38,44,46,6,83,x
75,55,51,46,47,7,82,x
75,55,43,45,47,9,80,x
75,55,47,46,47,8,81,x
74,55,50,46,47,8,81,x
75,54,44,46,47,6,82,x
75,55,52,46,47,13,76,x
75,55,44,46,47,7,81,x
75,55,53,46,47,21,68,x
75,54,36,44,46,11,78,x
75,55,52,46,47,16,72,x
92,36,50,55,87,0,84,y
92,37,52,56,87,1,84,y
92,35,49,55,87,2,84,y
92,37,51,56,87,1,84,y
92,35,50,55,86,2,83,y
92,37,52,55,87,0,84,y
92,34,48,55,86,2,83,y
92,37,52,55,87,1,84,y
92,35,49,55,87,1,85,y
92,37,51,55,86,1,84,y
92,36,51,56,87,0,85,y
92,36,49,55,87,0,85,y
92,37,52,55,87,1,85,y
92,36,49,55,86,1,86,y
92,38,52,55,87,0,85,y
92,34,48,55,86,0,85,y
92,37,52,55,86,0,84,y
92,34,49,55,87,1,85,y
92,37,52,55,87,0,85,y
92,36,50,56,87,1,85,y
92,37,50,55,87,0,86,y
92,36,52,56,87,1,85,y
92,37,49,55,86,0,86,y
92,37,53,56,87,1,85,y
92,35,49,55,86,0,84,y
92,37,53,55,87,0,85,y
92,34,48,55,86,5,82,y
92,37,52,55,87,1,83,y
92,35,49,55,86,3,83,y
92,37,50,55,87,0,84,y
92,36,51,56,87,3,83,y
92,36,50,55,87,2,83,y
92,37,51,56,87,3,83,y
92,35,50,55,86,1,82,y
92,37,53,56,87,0,84,y
92,34,48,55,86,0,82,y
92,37,52,55,87,0,84,y
92,35,49,55,86,-1,84,y
92,37,52,55,87,0,84,y
92,36,50,55,86,-1,85,y
92,36,50,55,87,2,83,y
92,36,51,56,87,3,81,y
92,36,49,55,86,2,82,y
92,38,52,55,87,3,83,y
92,35,49,56,86,0,84,y
92,37,52,55,87,0,86,y
92,34,48,55,86,1,84,y
92,37,52,56,87,5,80,y
92,35,50,56,87,3,82,y
94,37,51,55,86,2,84,y
92,37,51,56,87,2,84,y
92,36,49,56,86,2,84,y
92,38,51,55,87,2,83,y
92,36,50,55,87,3,83,y
92,38,52,56,87,3,83,y
92,35,48,55,86,3,84,y
92,37,52,56,86,3,85,y
92,34,49,55,86,2,85,y
92,37,52,55,87,0,85,y
92,36,50,55,87,4,84,y
91,37,49,55,87,0,86,y
92,37,51,56,87,0,86,y
92,36,50,55,87,0,86,y
92,38,52,56,87,1,86,y
92,35,49,55,86,2,85,y
92,38,52,56,87,3,83,y
92,34,48,55,86,2,83,y
92,37,53,56,87,3,82,y
92,36,50,56,87,4,81,y
91,37,50,55,87,3,82,y
92,37,51,56,86,2,84,y
92,37,49,55,87,2,83,y
92,38,51,56,87,3,83,y
92,36,50,55,87,2,85,y
92,38,53,55,87,3,84,y
92,35,48,55,87,4,84,y
92,37,52,56,87,2,85,y
92,35,49,55,86,4,83,y
92,37,51,55,87,1,85,y
92,37,50,55,87,2,85,y
92,37,49,55,86,2,85,y
92,37,51,56,87,0,86,y
92,37,50,56,86,2,85,y
92,38,52,56,87,3,84,y
92,35,49,55,86,2,84,y
92,38,53,56,87,0,86,y
92,35,49,55,86,3,84,y
91,38,52,55,87,2,85,y
93,35,50,56,86,4,83,y
92,37,50,55,87,3,83,y
92,36,51,55,87,4,83,y
92,37,49,55,86,3,85,y
92,37,51,55,87,3,84,y
92,36,49,55,87,3,86,y
92,37,52,56,87,3,85,y
92,35,48,55,86,8,80,y
92,37,52,56,87,4,84,y
92,35,48,55,86,5,84,y
92,37,51,55,87,1,87,y
92,36,50,55,87,4,84,y
92,36,49,55,87,2,85,y
92,37,51,56,87,4,84,y
92,36,49,55,87,1,87,y
92,37,52,56,87,3,86,y
92,35,48,56,87,1,85,y
92,38,52,55,87,2,84,y
92,35,48,55,87,0,85,y
92,38,52,56,87,2,84,y
92,36,49,56,87,0,85,y
92,37,50,55,87,2,84,y
92,37,50,56,87,2,85,y
92,37,49,56,86,2,83,y
92,37,51,56,87,3,83,y
92,37,49,55,87,3,83,y
92,38,52,55,87,1,81,y
92,35,47,55,86,3,82,y
92,37,52,55,87,3,82,y
92,35,49,55,87,3,80,y
92,37,52,56,87,2,83,y
92,36,51,56,87,1,84,y
92,37,50,55,87,1,82,y
92,37,52,56,86,0,84,y
92,36,50,55,87,0,85,y
92,38,52,56,87,2,83,y
92,35,48,55,87,2,83,y
92,38,53,56,87,-1,85,y
92,35,49,55,87,0,84,y
92,37,52,56,87,1,83,y
92,36,50,55,87,1,84,y
92,37,50,55,86,2,84,y
92,37,50,56,87,-1,85,y
92,37,50,54,87,1,83,y
92,38,52,55,87,1,84,y
92,36,49,56,86,1,85,y
92,38,52,56,87,3,86,y
92,35,48,55,86,2,85,y
92,38,52,55,86,-1,85,y
92,35,49,55,86,6,82,y
92,38,52,55,87,1,86,y
92,36,50,56,87,3,85,y
92,37,50,55,86,4,84,y
92,37,51,56,87,2,85,y
92,36,49,55,87,4,83,y
92,38,52,56,87,1,86,y
92,35,49,55,86,2,85,y
92,38,52,56,87,2,85,y
91,34,49,55,86,3,84,y
91,37,52,55,86,3,85,y
92,36,50,55,87,3,86,y
92,37,50,55,86,4,84,y
93,40,33,56,46,77,12,help
93,40,33,56,46,76,13,help
93,40,35,56,46,75,14,help
93,40,32,56,47,74,14,help
94,40,33,56,46,74,15,help
93,40,32,56,46,75,14,help
93,40,33,56,46,74,14,help
93,40,33,56,46,74,15,help
93,40,33,56,46,74,14,help
93,40,33,56,46,74,14,help
93,40,33,56,46,73,16,help
93,40,34,56,46,74,15,help
93,40,33,56,46,71,18,help
93,40,33,56,46,71,18,help
93,40,33,56,46,71,17,help
93,40,33,56,46,72,17,help
93,40,33,56,46,72,17,help
93,40,33,56,46,72,16,help
93,39,32,56,47,75,14,help
93,40,33,56,47,75,14,help
93,40,32,56,47,75,14,help
93,40,32,56,47,75,14,help
93,40,32,56,47,74,14,help
93,40,32,56,46,75,14,help
93,40,33,56,46,76,13,help
93,40,32,56,46,76,13,help
93,40,32,56,46,76,12,help
93,40,32,56,46,76,13,help
93,40,32,56,46,78,11,help
93,40,33,56,46,75,13,help
93,40,33,56,46,74,15,help
93,40,33,56,46,73,15,help
93,40,31,56,46,72,17,help
93,40,31,56,47,73,16,help
93,40,31,56,47,73,16,help
93,40,33,56,47,74,15,help
93,40,31,56,46,73,16,help
93,40,31,56,46,73,16,help
93,40,33,56,46,74,15,help
93,40,31,56,46,73,16,help
93,40,31,56,47,74,15,help
93,40,31,56,47,75,14,help
93,40,33,56,47,77,12,help
93,40,31,56,47,76,13,help
93,40,33,55,47,76,13,help
93,40,32,56,47,76,13,help
93,40,33,56,47,78,11,help
93,40,31,56,47,79,10,help
93,40,32,56,47,79,10,help
93,40,31,56,47,79,10,help
93,40,33,56,47,78,11,help
93,40,33,56,47,76,13,help
93,40,33,56,47,78,11,help
93,40,33,56,47,77,12,help
93,40,33,56,47,75,14,help
93,40,33,56,47,76,13,help
93,40,33,56,47,75,14,help
93,40,33,56,47,73,16,help
93,40,33,56,47,74,14,help
93,40,33,56,47,74,15,help
93,40,34,56,47,75,14,help
93,40,31,56,47,73,15,help
93,40,31,56,47,73,15,help
93,40,31,56,47,74,14,help
93,40,32,56,47,78,11,help
93,40,31,56,47,78,10,help
93,40,32,56,47,77,10,help
93,40,31,56,47,77,12,help
93,40,31,56,47,75,13,help
93,40,31,56,47,74,15,help
93,40,31,56,47,74,15,help
93,40,31,56,47,75,14,help
93,40,32,56,47,75,14,help
93,40,31,56,47,75,14,help
93,40,32,56,47,76,13,help
93,40,32,56,47,74,15,help
93,39,31,56,47,77,12,help
93,40,31,56,47,78,10,help
93,40,30,56,47,77,12,help
93,40,29,56,47,76,13,help
93,40,30,56,47,76,13,help
93,40,30,56,47,76,13,help
93,40,29,56,47,77,12,help
93,40,30,56,47,78,11,help
93,40,30,56,47,79,10,help
93,40,29,56,47,78,11,help
93,40,30,56,48,79,9,help
93,40,30,56,47,78,11,help
93,40,30,56,47,77,11,help
93,40,30,56,47,76,12,help
93,40,30,56,47,75,13,help
93,40,30,57,47,76,12,help
93,40,30,56,47,75,13,help
93,40,30,57,47,76,13,help
93,40,30,56,47,78,11,help
93,40,30,57,47,77,11,help
93,40,30,56,47,78,11,help
92,40,29,57,47,77,12,help
93,40,29,57,47,78,11,help
93,40,29,56,47,77,12,help
93,40,29,56,47,77,12,help
93,40,29,56,47,76,13,help
93,40,28,56,47,77,12,help
93,40,29,56,47,75,13,help
93,40,30,56,47,75,14,help
93,40,29,57,47,74,15,help
93,40,30,57,47,73,16,help
93,39,29,57,47,74,15,help
93,39,29,56,46,73,15,help
93,39,29,56,46,73,16,help
93,39,28,56,46,74,15,help
93,39,28,56,46,74,15,help
92,39,27,56,46,73,16,help
92,39,28,57,47,73,16,help
91,39,28,57,47,72,17,help
91,39,27,57,47,73,16,help
91,39,27,57,47,73,16,help
91,39,28,57,47,73,16,help
92,39,29,56,47,74,15,help
92,39,28,56,46,74,15,help
93,39,28,56,47,75,14,help
93,39,28,56,46,74,15,help
93,39,28,56,46,73,15,help
93,39,28,56,46,73,16,help
93,39,28,56,47,75,14,help
93,39,29,56,46,73,16,help
93,39,27,57,46,74,14,help
94,39,27,57,46,72,16,help
93,39,28,57,46,72,16,help
93,39,28,57,46,73,15,help
93,39,26,57,46,72,16,help
93,39,26,57,46,72,16,help
94,39,26,56,46,72,16,help
93,39,26,57,46,72,16,help
94,39,27,56,46,72,16,help
94,39,28,57,46,72,16,help
93,39,27,57,46,72,16,help
94,39,28,56,46,71,18,help
94,39,28,57,46,73,15,help
94,39,28,57,46,73,14,help
94,39,28,57,46,74,13,help
94,39,27,57,46,75,13,help
93,39,24,57,46,75,13,help
94,39,26,57,46,75,13,help
94,39,26,57,46,76,12,help
93,39,26,57,46,77,11,help
94,39,27,57,46,77,11,help
94,39,27,57,46,75,13,help
94,39,27,57,46,77,11,help
94,39,28,57,46,76,12,help
83,74,46,76,68,10,64,eat
83,74,45,76,68,9,63,eat
83,74,41,77,68,10,61,eat
83,74,39,76,69,8,63,eat
83,74,38,76,68,11,62,eat
83,74,36,76,68,8,63,eat
83,74,41,76,68,11,62,eat
82,74,42,76,68,9,62,eat
82,75,39,76,68,9,63,eat
82,74,36,76,68,10,62,eat
82,75,34,76,69,7,64,eat
82,75,38,76,70,7,65,eat
82,75,38,76,68,7,64,eat
82,75,37,76,68,8,63,eat
82,75,36,76,69,8,64,eat
82,75,34,76,69,7,65,eat
82,75,34,76,69,10,62,eat
84,75,34,76,69,8,64,eat
82,74,34,76,68,10,60,eat
82,75,34,76,69,4,63,eat
82,75,36,77,69,12,58,eat
82,75,32,76,69,10,61,eat
83,75,31,77,69,11,61,eat
82,75,31,76,69,10,61,eat
82,75,33,76,68,10,61,eat
82,75,32,77,68,8,61,eat
82,75,33,76,69,9,59,eat
82,75,35,76,68,10,60,eat
82,75,33,76,68,10,60,eat
82,75,34,77,69,10,57,eat
82,75,36,76,69,4,61,eat
82,75,36,77,68,11,58,eat
83,75,35,77,69,10,59,eat
82,75,30,77,69,10,59,eat
83,76,29,77,69,9,59,eat
83,75,29,77,69,10,58,eat
83,76,29,77,70,10,59,eat
83,76,33,77,70,9,58,eat
83,76,33,77,70,10,58,eat
83,76,32,78,70,10,59,eat
83,77,31,78,70,9,60,eat
83,76,29,78,71,9,61,eat
82,76,30,77,71,9,60,eat
83,76,29,76,71,10,59,eat
83,76,31,76,71,10,59,eat
83,76,31,76,71,10,60,eat
83,75,31,76,71,10,60,eat
83,76,31,76,71,9,60,eat
83,75,31,76,71,10,59,eat
83,75,37,76,71,9,60,eat
83,75,35,76,71,10,60,eat
83,75,34,76,71,10,60,eat
83,75,33,76,70,9,61,eat
83,75,30,76,70,9,61,eat
83,75,28,77,70,8,61,eat
84,76,24,76,70,10,60,eat
83,75,36,76,70,11,59,eat
83,75,24,76,70,10,59,eat
83,75,24,76,70,10,60,eat
84,75,25,76,70,11,60,eat
83,75,27,76,70,11,60,eat
83,76,25,76,70,8,62,eat
83,75,24,76,70,11,59,eat
84,75,25,76,70,10,60,eat
84,75,23,76,70,10,61,eat
83,75,58,76,70,10,61,eat
83,75,58,76,70,9,62,eat
83,74,57,76,70,10,60,eat
83,74,56,76,70,10,60,eat
84,74,56,76,70,10,60,eat
83,74,56,76,70,10,61,eat
83,74,56,76,70,10,62,eat
84,74,56,76,70,10,61,eat
83,74,56,76,70,8,61,eat
84,74,55,76,70,9,61,eat
84,74,56,76,70,9,61,eat
84,75,56,76,70,9,61,eat
83,74,56,76,70,9,63,eat
83,74,56,76,70,9,62,eat
83,74,56,76,70,9,62,eat
84,75,56,76,70,9,60,eat
84,75,57,77,70,9,60,eat
83,75,56,76,70,12,59,eat
84,75,56,76,70,10,62,eat
84,75,56,77,70,11,61,eat
83,75,56,76,70,9,62,eat
84,75,56,76,70,11,60,eat
83,75,56,76,70,10,60,eat
83,75,55,76,70,12,58,eat
84,75,55,76,70,10,58,eat
84,75,55,76,70,11,59,eat
83,75,54,77,70,12,59,eat
84,75,54,77,70,11,60,eat
83,75,54,76,70,11,59,eat
83,75,55,77,70,11,60,eat
83,75,54,76,70,10,61,eat
83,76,55,77,70,9,61,eat
83,75,55,76,69,8,62,eat
83,75,55,77,70,7,63,eat
83,75,54,76,70,9,62,eat
83,75,54,77,70,9,63,eat
83,75,55,76,70,10,62,eat
83,75,54,77,69,8,63,eat
83,75,54,76,70,11,61,eat
83,75,54,76,69,10,62,eat
83,75,55,76,69,14,60,eat
84,75,54,77,69,14,57,eat
83,75,54,76,69,11,59,eat
83,75,54,76,69,11,60,eat
83,75,54,77,69,11,60,eat
83,75,54,76,69,12,59,eat
83,75,54,76,69,12,59,eat
83,75,54,76,69,11,59,eat
83,75,54,76,69,12,57,eat
83,75,53,76,69,13,58,eat
83,75,51,77,69,13,57,eat
83,75,52,76,69,12,59,eat
83,75,53,76,69,10,60,eat
83,76,53,77,70,11,58,eat
83,76,54,77,70,10,61,eat
83,76,54,77,69,9,61,eat
82,74,53,75,68,10,61,eat
81,74,52,74,67,11,60,eat
82,75,54,76,69,11,60,eat
83,75,53,76,69,9,62,eat
83,75,53,76,69,9,63,eat
83,75,56,76,69,8,63,eat
83,75,52,76,69,9,60,eat
83,75,53,76,69,9,61,eat
83,76,53,76,69,9,61,eat
83,75,52,76,69,8,61,eat
83,75,53,76,69,8,62,eat
82,75,53,76,69,7,64,eat
83,75,54,76,70,9,63,eat
83,75,53,76,70,10,61,eat
83,75,52,76,70,10,61,eat
82,75,52,76,70,9,63,eat
83,76,52,76,70,8,62,eat
83,76,52,77,70,8,63,eat
83,76,52,77,70,8,62,eat
83,76,51,77,70,9,61,eat
83,76,50,77,70,9,61,eat
83,76,51,77,70,8,63,eat
82,76,51,77,70,8,63,eat
83,76,51,77,70,9,62,eat
83,76,51,77,70,9,61,eat
83,76,51,77,70,9,61,eat
83,76,51,77,70,7,63,eat
83,76,52,77,72,8,63,eat
83,76,52,77,70,8,62,eat
90,86,92,88,85,1,29,thanks
90,86,92,89,85,1,27,thanks
90,86,92,88,85,1,27,thanks
90,86,92,88,86,0,27,thanks
89,86,92,89,86,0,27,thanks
90,86,92,88,86,1,27,thanks
90,86,92,89,86,0,26,thanks
90,86,92,89,86,0,26,thanks
89,86,92,88,86,0,26,thanks
90,86,92,88,86,0,25,thanks
90,86,92,89,86,0,25,thanks
90,86,92,89,86,0,24,thanks
90,86,92,88,86,0,24,thanks
90,86,92,89,85,-1,24,thanks
90,86,92,88,86,-1,24,thanks
90,86,92,89,86,0,23,thanks
89,86,92,88,86,0,25,thanks
90,86,92,88,85,0,24,thanks
90,86,92,89,85,-1,24,thanks
90,86,92,88,86,-1,24,thanks
90,86,92,89,86,-1,24,thanks
90,86,92,89,85,-1,25,thanks
90,86,92,89,86,-1,25,thanks
90,86,92,89,85,-1,26,thanks
90,86,92,89,86,-1,25,thanks
90,86,92,88,86,-1,25,thanks
90,86,92,89,85,-1,26,thanks
90,86,92,88,86,0,26,thanks
90,86,92,88,85,0,26,thanks
89,86,92,88,86,-1,26,thanks
90,86,92,88,86,-2,27,thanks
90,86,92,89,85,-1,27,thanks
90,86,92,88,85,0,27,thanks
90,86,92,89,86,0,27,thanks
89,86,92,89,85,0,28,thanks
90,86,92,88,85,0,27,thanks
90,86,92,89,85,0,26,thanks
90,86,92,89,85,0,25,thanks
90,86,92,89,86,0,25,thanks
90,86,92,89,86,0,27,thanks
90,86,92,89,86,0,27,thanks
90,86,92,89,86,0,27,thanks
90,86,92,89,85,0,26,thanks
90,86,92,89,86,-1,25,thanks
90,86,92,88,86,-1,26,thanks
90,86,92,88,86,0,26,thanks
90,86,92,88,85,0,25,thanks
90,86,92,89,85,0,25,thanks
90,86,92,88,85,0,25,thanks
90,86,92,88,86,-1,25,thanks
90,86,92,89,85,-1,24,thanks
90,86,92,89,86,-1,24,thanks
90,86,92,89,85,-1,24,thanks
90,86,92,88,86,-1,23,thanks
90,86,92,89,86,0,23,thanks
90,86,92,89,85,0,24,thanks
90,86,92,88,85,0,24,thanks
90,86,92,88,86,-1,23,thanks
90,86,92,88,86,-1,23,thanks
90,86,92,88,86,-1,24,thanks
90,86,92,88,86,0,25,thanks
90,86,92,88,85,-1,26,thanks
90,86,92,89,85,0,25,thanks
90,86,92,89,85,-1,26,thanks
90,86,92,89,85,-2,25,thanks
90,86,92,88,85,-1,25,thanks
90,86,92,89,85,-1,24,thanks
90,86,92,89,85,-1,26,thanks
90,86,92,89,86,0,27,thanks
90,86,92,89,86,0,27,thanks
90,86,92,89,85,-1,27,thanks
90,86,92,89,85,-1,28,thanks
90,86,92,89,86,-1,29,thanks
90,86,92,88,85,-1,29,thanks
90,86,92,88,85,-1,28,thanks
90,86,92,89,86,-1,28,thanks
90,86,92,89,85,-2,27,thanks
90,86,92,89,86,-1,26,thanks
90,83,92,89,85,-1,26,thanks
90,86,92,89,85,-1,27,thanks
90,86,92,89,85,-1,26,thanks
90,86,92,89,85,-2,25,thanks
90,86,92,88,86,-1,25,thanks
90,86,92,89,86,-1,25,thanks
90,86,92,89,85,-1,24,thanks
90,86,92,88,85,-1,24,thanks
90,86,92,89,85,0,24,thanks
90,86,92,89,85,0,24,thanks
90,86,92,89,86,0,23,thanks
89,86,92,89,85,0,23,thanks
90,86,92,88,85,0,24,thanks
90,86,92,89,86,0,25,thanks
90,86,92,88,86,0,25,thanks
90,86,92,89,86,0,26,thanks
90,86,92,89,86,0,25,thanks
90,86,92,89,85,0,23,thanks
90,86,92,89,85,0,21,thanks
91,86,92,89,85,0,21,thanks
92,86,106,89,86,-1,19,thanks
91,86,94,89,85,-3,19,thanks
90,86,93,89,85,-2,19,thanks
90,86,94,89,86,-3,21,thanks
90,86,115,88,86,-2,20,thanks
90,86,95,89,85,-2,21,thanks
90,86,94,89,86,-2,22,thanks
90,86,94,89,86,-1,23,thanks
90,86,94,89,86,-2,25,thanks
90,86,94,89,86,0,26,thanks
90,86,94,89,85,0,26,thanks
89,86,94,88,85,0,26,thanks
90,86,94,89,86,0,26,thanks
90,86,94,93,86,-1,27,thanks
90,86,94,88,85,0,27,thanks
90,86,94,88,86,0,28,thanks
90,86,94,88,86,0,28,thanks
90,86,94,89,86,0,30,thanks
90,86,94,88,86,0,29,thanks
90,86,94,88,85,0,28,thanks
90,86,95,88,86,0,28,thanks
90,86,94,89,86,0,27,thanks
90,86,95,89,86,0,26,thanks
90,86,94,89,86,0,27,thanks
90,86,95,89,85,0,26,thanks
90,86,95,88,85,0,26,thanks
90,86,94,89,85,0,26,thanks
90,86,97,88,86,0,25,thanks
90,86,95,89,86,0,25,thanks
90,86,97,89,85,0,25,thanks
90,86,97,88,86,0,24,thanks
90,86,97,88,86,0,24,thanks
90,86,97,89,86,-1,24,thanks
90,86,97,89,85,-1,23,thanks
90,86,92,88,85,-1,24,thanks
90,86,92,89,85,-1,23,thanks
90,86,92,89,86,-2,22,thanks
90,86,92,89,85,-2,22,thanks
90,86,92,89,86,-2,22,thanks
90,86,92,88,86,-2,22,thanks
90,86,92,88,86,-2,22,thanks
90,86,92,87,85,-2,22,thanks
90,86,92,89,85,-1,22,thanks
90,86,92,89,85,-1,23,thanks
90,86,92,89,85,-1,23,thanks
90,86,92,89,86,-1,24,thanks
90,86,92,89,86,0,24,thanks
90,86,92,88,86,0,24,thanks
90,86,92,88,86,-1,24,thanks
90,86,92,88,86,0,25,thanks
90,86,92,89,86,0,25,thanks
90,86,92,89,86,0,25,thanks
87,41,29,51,43,59,27,sorry
86,40,29,51,43,58,29,sorry
86,44,29,51,43,59,27,sorry
87,41,29,50,43,58,28,sorry
86,41,29,51,43,59,28,sorry
86,41,29,51,43,59,28,sorry
86,41,29,51,43,58,29,sorry
86,41,28,51,43,56,31,sorry
86,41,28,51,43,56,31,sorry
86,41,28,51,43,56,31,sorry
86,41,28,51,43,56,30,sorry
86,41,29,51,43,57,30,sorry
86,41,29,51,43,58,29,sorry
86,41,29,51,43,60,27,sorry
86,41,28,51,43,61,25,sorry
86,41,28,51,43,61,26,sorry
86,41,28,51,43,61,25,sorry
86,41,28,51,43,61,25,sorry
86,41,29,51,43,60,27,sorry
86,41,29,51,43,60,27,sorry
86,41,29,51,43,59,28,sorry
86,41,29,51,43,58,29,sorry
86,41,28,51,43,56,30,sorry
86,41,28,51,43,55,32,sorry
86,41,29,51,43,54,32,sorry
86,41,28,51,43,56,31,sorry
86,41,28,51,43,58,29,sorry
86,41,28,51,43,60,27,sorry
86,41,29,51,43,60,27,sorry
86,41,29,51,43,61,26,sorry
86,41,28,51,43,60,27,sorry
86,41,28,51,43,59,27,sorry
86,41,28,51,43,60,27,sorry
86,41,28,51,43,60,27,sorry
86,41,28,51,43,60,26,sorry
86,41,28,51,43,58,27,sorry
86,41,28,51,43,58,28,sorry
86,41,28,51,43,58,29,sorry
86,41,28,51,43,57,30,sorry
86,41,28,51,43,56,31,sorry
86,41,27,51,43,55,32,sorry
86,41,28,51,43,57,30,sorry
86,41,27,51,43,56,32,sorry
86,41,27,51,43,58,30,sorry
86,41,26,51,43,59,28,sorry
86,41,26,51,43,59,28,sorry
86,41,26,51,43,61,26,sorry
86,41,25,51,43,61,26,sorry
86,41,26,51,43,61,26,sorry
86,41,27,52,43,61,26,sorry
86,41,26,52,43,60,26,sorry
86,42,24,52,43,60,27,sorry
86,42,26,52,43,60,28,sorry
86,41,26,52,43,59,28,sorry
86,42,25,52,43,57,30,sorry
86,41,26,52,43,56,31,sorry
86,41,25,52,43,56,31,sorry
86,41,26,52,43,56,31,sorry
86,41,26,52,43,58,29,sorry
86,41,26,52,43,59,28,sorry
86,42,26,52,43,59,28,sorry
86,41,25,52,43,59,28,sorry
86,42,25,52,43,60,28,sorry
86,41,25,52,43,60,27,sorry
86,42,25,52,43,61,26,sorry
86,42,25,52,43,61,26,sorry
86,41,25,52,43,61,27,sorry
86,42,25,52,43,61,26,sorry
86,42,25,52,43,59,28,sorry
86,42,24,52,43,58,29,sorry
86,42,23,52,43,59,28,sorry
86,42,23,52,43,58,29,sorry
86,42,24,52,43,56,30,sorry
86,42,24,52,44,55,31,sorry
86,42,23,52,43,55,32,sorry
86,42,23,52,44,56,31,sorry
86,41,22,52,43,58,30,sorry
86,41,21,52,44,59,28,sorry
86,41,36,52,43,59,29,sorry
86,41,36,52,43,60,28,sorry
86,41,36,52,44,59,28,sorry
86,42,36,52,44,60,27,sorry
86,41,35,52,44,59,28,sorry
86,42,35,52,44,59,28,sorry
86,42,35,52,43,59,28,sorry
86,42,34,52,44,59,28,sorry
86,42,34,52,44,58,29,sorry
86,42,34,52,44,57,29,sorry
86,42,34,52,44,57,30,sorry
86,42,35,52,44,56,30,sorry
86,42,34,52,44,56,30,sorry
86,41,34,52,44,56,31,sorry
86,42,33,52,44,56,30,sorry
86,41,33,55,44,57,30,sorry
86,41,33,52,44,59,28,sorry
86,41,33,52,43,59,28,sorry
86,41,33,52,44,59,28,sorry
86,41,33,52,44,60,27,sorry
86,42,32,52,44,61,26,sorry
86,42,33,52,44,60,27,sorry
86,42,32,52,44,59,28,sorry
86,42,31,52,44,58,30,sorry
86,42,31,52,44,58,30,sorry
86,42,30,52,44,57,30,sorry
86,42,29,52,44,57,30,sorry
86,42,29,52,44,56,31,sorry
86,42,36,52,44,56,32,sorry
86,42,35,52,44,56,32,sorry
86,41,36,52,44,58,30,sorry
86,41,35,52,44,59,28,sorry
86,41,35,52,44,61,27,sorry
86,42,35,52,44,61,27,sorry
86,42,34,52,44,60,27,sorry
86,42,34,52,44,61,26,sorry
86,42,34,52,44,61,27,sorry
86,42,34,52,44,60,27,sorry
86,42,34,52,43,59,28,sorry
86,42,35,52,44,57,31,sorry
86,42,33,52,44,55,32,sorry
86,42,34,52,44,56,31,sorry
86,42,34,52,44,57,30,sorry
86,42,34,52,44,56,31,sorry
86,41,36,52,44,59,28,sorry
86,41,35,52,44,60,27,sorry
86,41,36,52,44,60,26,sorry
86,41,36,52,44,60,27,sorry
86,42,36,52,44,59,28,sorry
86,44,35,52,44,58,28,sorry
86,42,35,52,44,58,29,sorry
86,42,35,52,44,58,28,sorry
86,42,35,52,44,58,28,sorry
86,42,35,52,44,58,28,sorry
86,42,34,52,44,57,29,sorry
86,42,33,52,44,57,29,sorry
86,42,34,52,44,57,29,sorry
86,41,34,52,44,57,28,sorry
86,41,34,52,44,57,29,sorry
86,41,34,52,42,58,28,sorry
86,41,32,52,44,60,27,sorry
86,41,30,52,44,60,26,sorry
86,41,33,52,44,60,26,sorry
87,42,34,52,44,60,25,sorry
86,42,34,52,44,59,26,sorry
84,42,25,52,44,61,25,sorry
86,42,25,52,44,62,24,sorry
86,42,27,52,44,59,26,sorry
86,42,26,52,44,56,29,sorry
86,42,25,52,44,56,29,sorry
85,40,24,52,44,57,29,sorry
86,40,24,52,44,60,26,sorry
91,86,47,54,85,-3,81,love
90,86,48,54,85,-6,80,love
90,86,47,54,85,-2,83,love
91,87,47,54,85,-3,83,love
91,86,48,54,85,-2,83,love
91,86,48,54,85,-4,82,love
91,86,48,54,85,-3,84,love
90,86,48,54,85,-4,84,love
90,86,48,54,85,-1,86,love
91,86,48,55,85,-2,86,love
91,86,48,54,85,-1,85,love
91,86,48,54,85,0,87,love
91,86,48,55,85,0,86,love
91,86,49,55,85,0,87,love
91,86,48,55,85,0,87,love
91,86,48,54,85,-1,86,love
90,86,48,55,85,0,86,love
91,86,49,54,85,-2,85,love
91,86,49,55,85,-3,84,love
91,86,45,54,85,-5,81,love
91,86,49,55,85,-4,82,love
91,86,49,54,85,-5,82,love
91,86,49,54,85,-4,82,love
91,86,49,55,85,-4,83,love
91,86,48,54,85,-3,82,love
90,86,48,55,85,-1,84,love
91,86,48,55,85,1,84,love
91,86,48,55,85,-2,84,love
91,86,48,55,85,-3,84,love
91,86,48,55,85,-4,84,love
91,86,49,55,85,-5,83,love
90,86,48,56,85,-3,84,love
91,86,48,55,85,-3,85,love
91,86,49,55,85,-3,84,love
91,86,49,55,85,-6,82,love
91,86,48,55,85,-1,88,love
91,86,48,55,85,0,87,love
90,86,48,55,85,0,88,love
91,86,48,55,85,0,87,love
91,86,48,55,85,-1,88,love
91,86,48,55,85,-1,86,love
90,86,48,55,85,-2,86,love
90,86,48,55,85,-2,87,love
91,86,49,55,85,-3,86,love
91,86,49,55,85,-4,85,love
91,86,48,55,85,-5,83,love
91,86,48,55,85,-3,84,love
91,86,49,55,85,-3,84,love
91,86,48,55,85,-3,84,love
91,86,48,55,85,-3,85,love
91,86,49,55,85,-1,88,love
91,86,49,55,85,0,88,love
91,86,48,55,85,0,87,love
90,86,49,55,85,0,86,love
91,86,49,55,85,-2,86,love
91,86,49,55,85,-1,87,love
91,86,49,55,85,-3,85,love
91,86,49,55,85,-2,86,love
91,86,49,55,85,-2,86,love
90,86,49,55,85,0,86,love
90,86,49,55,85,-2,86,love
91,86,49,55,85,-1,85,love
91,86,49,55,85,-1,86,love
91,86,49,55,85,-2,85,love
91,86,49,55,85,-2,85,love
91,86,49,55,85,-2,85,love
91,86,49,55,85,-1,86,love
91,86,49,55,85,-2,85,love
91,86,49,55,85,-3,85,love
91,86,49,55,85,-3,84,love
91,86,49,55,84,-4,83,love
91,86,49,55,85,-4,83,love
91,86,49,55,85,-3,85,love
91,86,48,55,85,-3,85,love
91,86,48,55,85,-2,86,love
91,86,47,55,85,-2,85,love
92,86,47,55,85,-3,85,love
91,86,49,55,85,-3,85,love
91,86,48,55,85,-4,84,love
91,86,48,55,85,-2,85,love
91,86,48,55,85,-3,85,love
91,86,48,55,85,-3,85,love
91,86,48,55,84,-3,84,love
91,86,49,55,85,-2,85,love
91,86,49,55,85,-2,85,love
91,86,49,55,85,0,86,love
91,86,48,55,85,-2,85,love
91,86,48,55,85,0,88,love
91,83,48,55,85,-5,83,love
91,86,46,55,85,-4,85,love
91,86,48,55,85,-5,82,love
91,86,48,55,84,-3,85,love
91,86,48,55,85,-5,83,love
91,86,48,55,85,-2,85,love
91,86,48,55,85,-4,84,love
90,86,49,55,85,-3,85,love
91,86,49,55,84,-2,86,love
91,86,49,55,85,-3,85,love
91,86,50,55,85,-4,84,love
91,86,49,55,85,-4,82,love
90,86,50,55,85,-5,82,love
91,86,49,55,84,-5,82,love
91,86,49,55,84,-4,82,love
91,86,50,55,84,-3,83,love
91,86,49,56,85,-2,86,love
91,86,49,55,84,-2,86,love
91,86,49,55,85,1,88,love
91,86,49,55,85,-1,87,love
91,86,49,55,85,2,87,love
91,86,49,55,84,0,89,love
91,86,49,56,84,-1,88,love
91,86,49,56,85,-2,87,love
91,86,49,55,84,-2,87,love
91,86,49,55,85,-2,87,love
91,86,49,55,85,-2,87,love
91,86,49,55,85,-3,86,love
90,86,49,55,84,-4,85,love
91,86,49,55,84,-5,84,love
90,86,49,55,84,0,87,love
91,86,49,55,85,-2,87,love
91,86,49,55,84,0,88,love
91,86,49,55,84,0,89,love
91,86,49,55,84,0,89,love
91,85,49,55,84,0,89,love
90,86,49,55,84,0,88,love
90,86,49,56,84,-3,86,love
91,86,49,55,84,-3,86,love
91,86,49,56,84,-5,84,love
90,86,49,56,84,-4,85,love
90,86,49,56,84,-3,86,love
90,86,50,56,85,-2,87,love
91,86,49,55,84,-6,83,love
91,86,49,56,84,0,88,love
91,86,50,56,84,-1,88,love
90,86,49,55,84,0,89,love
91,86,50,56,85,0,87,love
91,86,49,55,84,1,87,love
91,86,49,56,84,-2,87,love
90,86,48,56,84,-4,85,love
91,86,48,56,85,-5,84,love
91,86,48,56,84,-5,83,love
90,86,46,56,84,-6,83,love
91,86,48,56,84,-5,83,love
91,86,48,56,84,-3,86,love
91,86,48,56,84,-7,82,love
91,86,48,56,84,-6,83,love
91,86,48,56,84,-8,81,love
90,86,48,55,84,-2,87,love
91,86,49,56,84,-2,87,love
91,86,49,56,84,-1,88,love